Nombre,#,User,Puntaje,Profile,Link,Limpieza,Veracidad,Check-in,Comunicación,Ubicación,Calidad,Reviews,Tarifa,Cleaning,Habs,Jacuzzi,Noches 05,Noches 06,Noches 07,26/5/2025,27/5/2025,28/5/2025,29/5/2025,30/5/2025,31/5/2025,1/6/2025,2/6/2025,3/6/2025,4/6/2025,5/6/2025,6/6/2025,7/6/2025,8/6/2025,9/6/2025,10/6/2025,11/6/2025,12/6/2025,13/6/2025,14/6/2025,15/6/2025,16/6/2025,17/6/2025,18/6/2025,19/6/2025,20/6/2025,21/6/2025,22/6/2025,23/6/2025,24/6/2025,25/6/2025,26/6/2025,27/6/2025,28/6/2025,29/6/2025,30/6/2025,1/7/2025,2/7/2025,3/7/2025,4/7/2025,5/7/2025,6/7/2025,7/7/2025,8/7/2025,9/7/2025,10/7/2025,11/7/2025,12/7/2025,13/7/2025,14/7/2025,15/7/2025,16/7/2025,17/7/2025,18/7/2025,19/7/2025,20/7/2025,21/7/2025,22/7/2025,23/7/2025,24/7/2025,25/7/2025,26/7/2025,27/7/2025,28/7/2025,29/7/2025,30/7/2025,31/7/2025,1/8/2025,2/8/2025,3/8/2025,4/8/2025,5/8/2025,6/8/2025,7/8/2025,8/8/2025,9/8/2025,10/8/2025,11/8/2025,12/8/2025,13/8/2025,14/8/2025,15/8/2025,16/8/2025,17/8/2025,18/8/2025,19/8/2025,20/8/2025,21/8/2025,22/8/2025,23/8/2025,24/8/2025,25/8/2025,26/8/2025,27/8/2025,28/8/2025,29/8/2025,30/8/2025,31/8/2025,1/9/2025,2/9/2025,3/9/2025,4/9/2025,5/9/2025,6/9/2025,7/9/2025,8/9/2025,9/9/2025,10/9/2025,11/9/2025,12/9/2025,13/9/2025,14/9/2025,15/9/2025,16/9/2025,17/9/2025,18/9/2025,19/9/2025,20/9/2025,21/9/2025,22/9/2025,23/9/2025,24/9/2025,25/9/2025,26/9/2025,27/9/2025,28/9/2025,29/9/2025,30/9/2025,1/10/2025,2/10/2025,3/10/2025,4/10/2025,5/10/2025,6/10/2025,7/10/2025,8/10/2025,9/10/2025,10/10/2025,11/10/2025,12/10/2025,13/10/2025,14/10/2025,15/10/2025,16/10/2025,17/10/2025,18/10/2025,19/10/2025,20/10/2025,21/10/2025,22/10/2025,23/10/2025,24/10/2025,25/10/2025,26/10/2025,27/10/2025,28/10/2025,29/10/2025,30/10/2025,31/10/2025,1/11/2025,2/11/2025,3/11/2025,4/11/2025,5/11/2025,6/11/2025,7/11/2025,8/11/2025,9/11/2025,10/11/2025,11/11/2025,12/11/2025,13/11/2025,14/11/2025,15/11/2025,16/11/2025,17/11/2025,18/11/2025,19/11/2025,20/11/2025,21/11/2025,22/11/2025,23/11/2025,24/11/2025,25/11/2025,26/11/2025,27/11/2025,28/11/2025,29/11/2025,30/11/2025,1/12/2025,2/12/2025,3/12/2025,4/12/2025,5/12/2025,6/12/2025,7/12/2025,8/12/2025,9/12/2025,10/12/2025,11/12/2025,12/12/2025,13/12/2025,14/12/2025,15/12/2025,16/12/2025,17/12/2025,18/12/2025,19/12/2025,20/12/2025,21/12/2025,22/12/2025,23/12/2025,24/12/2025,25/12/2025,26/12/2025,27/12/2025,28/12/2025,29/12/2025,30/12/2025,31/12/2025,1/1/2026,2/1/2026,3/1/2026,4/1/2026,5/1/2026,6/1/2026,7/1/2026,8/1/2026,9/1/2026,10/1/2026,11/1/2026,12/1/2026,13/1/2026,14/1/2026,15/1/2026,16/1/2026,17/1/2026,18/1/2026,19/1/2026,20/1/2026
Luxury |Boho-Chic |Jacuzzi| Dominique,,Alejandra,5,,,5,5,5,5,5,5,1,$79.00,$36.00,2,SI,15,25,31,122.5,122.5,122.5,122.5,-1,-1,-1,-1,-1,-1,-1,-1,-1,-1,-1,-1,-1,-1,-1,-1,114.5,113,113,113,113,-1,-1,-1,-1,-1,-1,-1,-1,116,116,114,-1,-1,-1,-1,-1,-1,-1,-1,-1,-1,-1,-1,-1,-1,-1,114.5,113,113,113,113,-1,-1,-1,-1,-1,-1,-1,-1,116,116,114,,,,,,,,,,,,,,,,,,,,,,,,,,,,,,,,,,,,,,,,,,,,,,,,,,,,,,,,,,,,,,,,,,,,,,,,,,,,,,,,,,,,,,,,,,,,,,,,,,,,,,,,,,,,,,,,,,,,,,,,,,,,,,,,,,,,,,,,,,,,,,,,,,,,,,,,,,,,,,,,,,,,,,,,,,,,,
14th Floor/Jacuzzi balcony/SeaViews/Parking/King,14XX,Alejandra,5,,,4.9,5,5,5,4.8,5,8,$95.00,$38.00,2,SI,3,19,18,-1,117.5,117.5,-1,-1,-1,-1,-1,-1,-1,-1,-1,-1,-1,129,129,129,129,-1,-1,-1,-1,-1,-1,-1,149.5,149.5,146.5,146.5,-1,-1,-1,-1,155.5,155.5,152.5,-1,-1,-1,-1,-1,-1,-1,-1,-1,129,129,129,129,-1,-1,-1,-1,-1,-1,-1,149.5,149.5,146.5,146.5,-1,-1,-1,-1,155.5,155.5,152.5,,,,,,,,,,,,,,,,,,,,,,,,,,,,,,,,,,,,,,,,,,,,,,,,,,,,,,,,,,,,,,,,,,,,,,,,,,,,,,,,,,,,,,,,,,,,,,,,,,,,,,,,,,,,,,,,,,,,,,,,,,,,,,,,,,,,,,,,,,,,,,,,,,,,,,,,,,,,,,,,,,,,,,,,,,,,,
2 BR Modern APT jacuzzi / Rooftop near to beach,,Alberto,5,,,5,5,5,5,5,5,2,$100.00,$35.00,2,SI,10,31,30,114.5,114.5,114.5,115.5,117,115.5,112.5,111,111,111,114,117,114,111,111,111,111,111,-1,-1,-1,-1,111,111,114,114,-1,117,117,117,-1,-1,-1,-1,117,117,115.5,112.5,111,111,111,114,117,114,111,111,111,111,111,-1,-1,-1,-1,111,111,114,114,-1,117,117,117,-1,-1,-1,-1,117,117,,,,,,,,,,,,,,,,,,,,,,,,,,,,,,,,,,,,,,,,,,,,,,,,,,,,,,,,,,,,,,,,,,,,,,,,,,,,,,,,,,,,,,,,,,,,,,,,,,,,,,,,,,,,,,,,,,,,,,,,,,,,,,,,,,,,,,,,,,,,,,,,,,,,,,,,,,,,,,,,,,,,,,,,,,,,,
Piso 12/ Jacuzzi/ Vistas/ 1BR/Parqueadero/Piscinas,,Alejandra,5,,,5,5,5,5,5,5,1,$67.00,$36.00,1,SI,20,24,31,-1,-1,-1,-1,-1,87.5,87.5,87.5,-1,-1,-1,-1,98.5,98.5,98.5,100.5,104.5,109,111,105.5,100,98,98,-1,-1,-1,-1,108,108,110.5,111,111,112,111.5,107,105,87.5,87.5,87.5,-1,-1,-1,-1,98.5,98.5,98.5,100.5,104.5,109,111,105.5,100,98,98,-1,-1,-1,-1,108,108,110.5,111,111,112,111.5,107,105,,,,,,,,,,,,,,,,,,,,,,,,,,,,,,,,,,,,,,,,,,,,,,,,,,,,,,,,,,,,,,,,,,,,,,,,,,,,,,,,,,,,,,,,,,,,,,,,,,,,,,,,,,,,,,,,,,,,,,,,,,,,,,,,,,,,,,,,,,,,,,,,,,,,,,,,,,,,,,,,,,,,,,,,,,,,,
Private jacuzzi |King bed |Parking| Wi-Fi,,Alejandra,5,,,5,5,5,5,5,5,1,$81.00,$36.00,2,SI,15,21,31,91,91,91,91,91,-1,-1,-1,-1,-1,-1,-1,-1,110,110,110,110,110,-1,-1,-1,-1,-1,-1,110,110,110,-1,-1,-1,-1,-1,-1,117.5,117.5,117.5,-1,-1,-1,-1,-1,-1,-1,-1,110,110,110,110,110,-1,-1,-1,-1,-1,-1,110,110,110,-1,-1,-1,-1,-1,-1,117.5,117.5,117.5,,,,,,,,,,,,,,,,,,,,,,,,,,,,,,,,,,,,,,,,,,,,,,,,,,,,,,,,,,,,,,,,,,,,,,,,,,,,,,,,,,,,,,,,,,,,,,,,,,,,,,,,,,,,,,,,,,,,,,,,,,,,,,,,,,,,,,,,,,,,,,,,,,,,,,,,,,,,,,,,,,,,,,,,,,,,,
Piso 14/ Jacuzzi/ Vistas/ 2BR/Parqueadero/Piscinas,14XX,Alejandra,4.9,,,5,4.8,4.9,5,4.8,4.6,10,$89.00,$36.00,2,SI,4,21,31,117.5,117.5,117.5,117.5,117.5,117.5,-1,-1,-1,-1,-1,-1,-1,-1,-1,-0.5,-1,-1,-1,-1,112.5,113.5,115.5,117.5,117.5,117.5,117.5,117.5,117.5,117.5,117.5,117.5,117.5,117.5,117.5,121.5,117.5,-1,-1,-1,-1,-1,-1,-1,-1,-1,-0.5,-1,-1,-1,-1,112.5,113.5,115.5,117.5,117.5,117.5,117.5,117.5,117.5,117.5,117.5,117.5,117.5,117.5,117.5,121.5,,,,,,,,,,,,,,,,,,,,,,,,,,,,,,,,,,,,,,,,,,,,,,,,,,,,,,,,,,,,,,,,,,,,,,,,,,,,,,,,,,,,,,,,,,,,,,,,,,,,,,,,,,,,,,,,,,,,,,,,,,,,,,,,,,,,,,,,,,,,,,,,,,,,,,,,,,,,,,,,,,,,,,,,,,,,,
Luxury /Jacuzzi/ Decoration/ Caribbean/ Pools/,,Alejandra,4.86,,,4.7,4.7,4.9,4.9,4.8,4.7,14,$81.00,$36.00,1,SI,16,14,20,-1,-1,-1,-1,-1,112,114.5,114.5,112,112,113.5,115.5,114.5,112,112,112,-1,-1,-1,-1,-1,-1,-1,-1,-1,-1,-1,-1,-1,-1,-1,-1,-1,-1,-1,-1,112,114.5,114.5,112,112,113.5,115.5,114.5,112,112,112,-1,-1,-1,-1,-1,-1,-1,-1,-1,-1,-1,-1,-1,-1,-1,-1,-1,-1,-1,-1,,,,,,,,,,,,,,,,,,,,,,,,,,,,,,,,,,,,,,,,,,,,,,,,,,,,,,,,,,,,,,,,,,,,,,,,,,,,,,,,,,,,,,,,,,,,,,,,,,,,,,,,,,,,,,,,,,,,,,,,,,,,,,,,,,,,,,,,,,,,,,,,,,,,,,,,,,,,,,,,,,,,,,,,,,,,,
14th Floor/Hot water Jacuzzi/ Views/ Parking,1402,Alejandra,4.8,,,5,4.8,5,5,4.8,4.8,5,$102.00,$36.00,2,SI,10,16,31,90.5,90.5,90.5,-1,-1,-1,-1,-1,-1,-1,-1,-1,-1,-1,-1,-1,106.5,111.5,117,117,117,111.5,106.5,108.5,108.5,-1,-1,-1,111.5,111.5,111.5,111.5,-1,-1,115.5,115.5,-1,-1,-1,-1,-1,-1,-1,-1,-1,-1,-1,106.5,111.5,117,117,117,111.5,106.5,108.5,108.5,-1,-1,-1,111.5,111.5,111.5,111.5,-1,-1,115.5,115.5,,,,,,,,,,,,,,,,,,,,,,,,,,,,,,,,,,,,,,,,,,,,,,,,,,,,,,,,,,,,,,,,,,,,,,,,,,,,,,,,,,,,,,,,,,,,,,,,,,,,,,,,,,,,,,,,,,,,,,,,,,,,,,,,,,,,,,,,,,,,,,,,,,,,,,,,,,,,,,,,,,,,,,,,,,,,,
Apartamento VIP Cartagena con jacuzzi privado,,Alejandro,4.94,,,4.9,5,5,5,4.7,4.9,66,$125.00,$31.00,1,SI,4,21,26,160,160,-1,-1,-1,-1,-1,-1,-1,-1,-0.5,-1,-1,-1,-1,160,160,160,-1,-1,-1,-1,-1,-1,-1,-1,-1,160,160,160,160,168.5,177,168.5,160,160,-1,-1,-1,-1,-1,-0.5,-1,-1,-1,-1,160,160,160,-1,-1,-1,-1,-1,-1,-1,-1,-1,160,160,160,160,168.5,177,168.5,160,160,,,,,,,,,,,,,,,,,,,,,,,,,,,,,,,,,,,,,,,,,,,,,,,,,,,,,,,,,,,,,,,,,,,,,,,,,,,,,,,,,,,,,,,,,,,,,,,,,,,,,,,,,,,,,,,,,,,,,,,,,,,,,,,,,,,,,,,,,,,,,,,,,,,,,,,,,,,,,,,,,,,,,,,,,,,,,
"13th floor, apartment with Jacuzzi",13XX,Andres,4.61,,,4.8,4.6,4.7,4.7,4.9,4.7,18,$87.00,$19.00,2,SI,10,26,31,126.5,126.5,126.5,126.5,126.5,152.5,178.5,178.5,178.5,181,184,184,184,181,178.5,178.5,181,184,184,184,181,178.5,178.5,178.5,-1,-1,-1,178.5,178.5,178.5,181,184,184,184,184,181,152.5,178.5,178.5,178.5,181,184,184,184,181,178.5,178.5,181,184,184,184,181,178.5,178.5,178.5,-1,-1,-1,178.5,178.5,178.5,181,184,184,184,184,181,,,,,,,,,,,,,,,,,,,,,,,,,,,,,,,,,,,,,,,,,,,,,,,,,,,,,,,,,,,,,,,,,,,,,,,,,,,,,,,,,,,,,,,,,,,,,,,,,,,,,,,,,,,,,,,,,,,,,,,,,,,,,,,,,,,,,,,,,,,,,,,,,,,,,,,,,,,,,,,,,,,,,,,,,,,,,
Piso 8 con Jacuzzi Privado y Vistas Increíbles,,Carlos,5,,,5,5,5,5,5,5,2,$77.00,$44.00,1,SI,8,30,31,103.5,103.5,103.5,104.5,109.5,110.5,109.5,107.5,106.5,106.5,106.5,113.5,115.5,109.5,107.5,107.5,109.5,115.5,121,120.5,116.5,112,112,112,112,-1,-1,-1,-1,-1,-1,-1,-1,-1,-1,115,110.5,109.5,107.5,106.5,106.5,106.5,113.5,115.5,109.5,107.5,107.5,109.5,115.5,121,120.5,116.5,112,112,112,112,-1,-1,-1,-1,-1,-1,-1,-1,-1,-1,115,,,,,,,,,,,,,,,,,,,,,,,,,,,,,,,,,,,,,,,,,,,,,,,,,,,,,,,,,,,,,,,,,,,,,,,,,,,,,,,,,,,,,,,,,,,,,,,,,,,,,,,,,,,,,,,,,,,,,,,,,,,,,,,,,,,,,,,,,,,,,,,,,,,,,,,,,,,,,,,,,,,,,,,,,,,,,
Relax y Confort | Apartamento con Jacuzzi Privado,,Carlos,5,,,5,5,5,5,5,5,1,$81.00,$46.00,2,SI,17,30,18,113.5,113.5,113.5,113.5,113.5,-1,-1,-1,123,123,123,123,123,123,123,123,123.5,129.5,135,135,135,135,135,135,135,135,135,135,135,135,135,135,135,136,137.5,137.5,-1,-1,-1,123,123,123,123,123,123,123,123,123.5,129.5,135,135,135,135,135,135,135,135,135,135,135,135,135,135,135,136,137.5,137.5,,,,,,,,,,,,,,,,,,,,,,,,,,,,,,,,,,,,,,,,,,,,,,,,,,,,,,,,,,,,,,,,,,,,,,,,,,,,,,,,,,,,,,,,,,,,,,,,,,,,,,,,,,,,,,,,,,,,,,,,,,,,,,,,,,,,,,,,,,,,,,,,,,,,,,,,,,,,,,,,,,,,,,,,,,,,,
09Jacuzzi&Beachfront Bliss 14th Floor Near Airport,14XX,Carlos,4.89,,,4.9,4.9,5,4.9,4.6,4.8,35,$108.00,$41.00,1,SI,16,21,31,116.5,116.5,116.5,116.5,116.5,118,120,120,120,120,120,120,120,120,120,120,120,-1,-1,120,120,120,120,120,120,120,-1,-1,-1,-1,120,120,120,120,120,115.5,118,120,120,120,120,120,120,120,120,120,120,120,-1,-1,120,120,120,120,120,120,120,-1,-1,-1,-1,120,120,120,120,120,115.5,,,,,,,,,,,,,,,,,,,,,,,,,,,,,,,,,,,,,,,,,,,,,,,,,,,,,,,,,,,,,,,,,,,,,,,,,,,,,,,,,,,,,,,,,,,,,,,,,,,,,,,,,,,,,,,,,,,,,,,,,,,,,,,,,,,,,,,,,,,,,,,,,,,,,,,,,,,,,,,,,,,,,,,,,,,,,
Luxury Apartment with a Private Jacuzzi -DMQ507,507,Carlos,4.78,,,5,4.8,5,5,4.9,4.6,9,$76.00,$35.00,1,SI,6,30,31,-1,77.5,77.5,50,50,50,77.5,77.5,78,78,-1,-1,-1,-1,-1,-1,-1,-1,-1,-1,-1,-1,-1,-1,78.5,78.5,78.5,78.5,78.5,77,77,-1,-1,75.5,75.5,75.5,50,77.5,77.5,78,78,-1,-1,-1,-1,-1,-1,-1,-1,-1,-1,-1,-1,-1,-1,78.5,78.5,78.5,78.5,78.5,77,77,-1,-1,75.5,75.5,75.5,,,,,,,,,,,,,,,,,,,,,,,,,,,,,,,,,,,,,,,,,,,,,,,,,,,,,,,,,,,,,,,,,,,,,,,,,,,,,,,,,,,,,,,,,,,,,,,,,,,,,,,,,,,,,,,,,,,,,,,,,,,,,,,,,,,,,,,,,,,,,,,,,,,,,,,,,,,,,,,,,,,,,,,,,,,,,
Luxury and Relaxation Apartment with Jacuzzi,,Carlos,4.75,,,4.8,5,4.8,5,4.5,4.8,4,$95.00,$46.00,2,SI,20,30,27,102,102,-1,-1,-1,-1,-1,-1,-1,-1,-1,-1,110.5,110.5,110.5,110.5,110.5,110.5,110.5,110.5,-1,110.5,110.5,110.5,110.5,110.5,110.5,110.5,-1,-1,-1,-1,-1,110.5,110.5,110.5,-1,-1,-1,-1,-1,-1,-1,110.5,110.5,110.5,110.5,110.5,110.5,110.5,110.5,-1,110.5,110.5,110.5,110.5,110.5,110.5,110.5,-1,-1,-1,-1,-1,110.5,110.5,110.5,,,,,,,,,,,,,,,,,,,,,,,,,,,,,,,,,,,,,,,,,,,,,,,,,,,,,,,,,,,,,,,,,,,,,,,,,,,,,,,,,,,,,,,,,,,,,,,,,,,,,,,,,,,,,,,,,,,,,,,,,,,,,,,,,,,,,,,,,,,,,,,,,,,,,,,,,,,,,,,,,,,,,,,,,,,,,
Private jacuzzi | Colonial experience |Walled city,,Carlos,4.67,,,5,5,5,5,5,5,3,$147.00,$46.00,2,SI,19,30,31,-1,186,186,186,186,186,186,186,186,186,186,186,186,186,186,186,186,186,186,186,186,186,186,186,186,186,186,186,186,186,186,186,186,-1,-1,-1,186,186,186,186,186,186,186,186,186,186,186,186,186,186,186,186,186,186,186,186,186,186,186,186,186,186,186,186,-1,-1,-1,,,,,,,,,,,,,,,,,,,,,,,,,,,,,,,,,,,,,,,,,,,,,,,,,,,,,,,,,,,,,,,,,,,,,,,,,,,,,,,,,,,,,,,,,,,,,,,,,,,,,,,,,,,,,,,,,,,,,,,,,,,,,,,,,,,,,,,,,,,,,,,,,,,,,,,,,,,,,,,,,,,,,,,,,,,,,
Private jacuzzi | Colonial experience |Walled city,,Carlos,4.67,,,5,5,5,5,5,5,3,$147.00,$46.00,2,SI,19,30,31,-1,186,186,186,186,186,186,186,186,186,186,186,186,186,186,186,186,186,186,186,186,186,186,186,186,186,186,186,186,186,186,186,186,-1,-1,-1,186,186,186,186,186,186,186,186,186,186,186,186,186,186,186,186,186,186,186,186,186,186,186,186,186,186,186,186,-1,-1,-1,,,,,,,,,,,,,,,,,,,,,,,,,,,,,,,,,,,,,,,,,,,,,,,,,,,,,,,,,,,,,,,,,,,,,,,,,,,,,,,,,,,,,,,,,,,,,,,,,,,,,,,,,,,,,,,,,,,,,,,,,,,,,,,,,,,,,,,,,,,,,,,,,,,,,,,,,,,,,,,,,,,,,,,,,,,,,
Apartamento a 5 minutos del centro histórico,,Daniel,4.83,,,4.8,4.8,4.8,4.8,4.8,4.8,6,$76.46,$4.85,1,SI,12,15,0,81.5,81.5,-1,-1,87,87,90,87,84.5,84.5,84.5,87,90,87,84.5,84.5,84.5,84.5,87,90,87,84.5,84.5,84.5,84.5,87,90,90,90,-1,-1,-1,-1,-1,-1,90,87,90,87,84.5,84.5,84.5,87,90,87,84.5,84.5,84.5,84.5,87,90,87,84.5,84.5,84.5,84.5,87,90,90,90,-1,-1,-1,-1,-1,-1,90,,,,,,,,,,,,,,,,,,,,,,,,,,,,,,,,,,,,,,,,,,,,,,,,,,,,,,,,,,,,,,,,,,,,,,,,,,,,,,,,,,,,,,,,,,,,,,,,,,,,,,,,,,,,,,,,,,,,,,,,,,,,,,,,,,,,,,,,,,,,,,,,,,,,,,,,,,,,,,,,,,,,,,,,,,,,,
Galicia Cartagena de Indias,,Daniela Top Location,5,,,5,5,5,5,5,5,1,$121.00,$0.00,2,SI,18,30,31,152.5,152.5,152.5,152.5,152.5,-1,-1,152.5,152.5,152.5,152.5,152.5,152.5,152.5,152.5,152.5,152.5,152.5,152.5,188.5,224.5,224.5,224.5,224.5,224.5,224.5,224.5,224.5,224.5,224.5,224.5,224.5,224.5,224.5,224.5,224.5,-1,-1,152.5,152.5,152.5,152.5,152.5,152.5,152.5,152.5,152.5,152.5,152.5,152.5,188.5,224.5,224.5,224.5,224.5,224.5,224.5,224.5,224.5,224.5,224.5,224.5,224.5,224.5,224.5,224.5,224.5,,,,,,,,,,,,,,,,,,,,,,,,,,,,,,,,,,,,,,,,,,,,,,,,,,,,,,,,,,,,,,,,,,,,,,,,,,,,,,,,,,,,,,,,,,,,,,,,,,,,,,,,,,,,,,,,,,,,,,,,,,,,,,,,,,,,,,,,,,,,,,,,,,,,,,,,,,,,,,,,,,,,,,,,,,,,,
Luxury Loft private jacuzzy & sea view,,David,4.9,,,4.9,5,4.9,4.9,4.8,4.8,62,$126.00,$40.00,1,SI,14,30,31,-1,-1,93.5,93.5,93.5,-1,-1,-1,-1,-1,101,101,101,101,101,101,101,-1,-1,-1,101,101,101,-1,-1,93.5,93.5,93.5,93.5,93.5,93.5,93.5,59,112,129,129,-1,-1,-1,-1,-1,101,101,101,101,101,101,101,-1,-1,-1,101,101,101,-1,-1,93.5,93.5,93.5,93.5,93.5,93.5,93.5,59,112,129,129,,,,,,,,,,,,,,,,,,,,,,,,,,,,,,,,,,,,,,,,,,,,,,,,,,,,,,,,,,,,,,,,,,,,,,,,,,,,,,,,,,,,,,,,,,,,,,,,,,,,,,,,,,,,,,,,,,,,,,,,,,,,,,,,,,,,,,,,,,,,,,,,,,,,,,,,,,,,,,,,,,,,,,,,,,,,,
Dominique 1008,1008,Enrique,5,,,4.9,5,5,5,5,5,1,$56.68,$45.00,1,NO,3,29,31,72.5,86.5,86.5,130,130,110.5,-1,-1,-1,-1,-1,-1,-1,-1,-1,-1,-1,-1,-1,-1,-1,-1,81,86.5,97.5,97.5,149,149,133,92,95,101.5,101.5,146,146,124,110.5,-1,-1,-1,-1,-1,-1,-1,-1,-1,-1,-1,-1,-1,-1,-1,-1,81,86.5,97.5,97.5,149,149,133,92,95,101.5,101.5,146,146,124,,,,,,,,,,,,,,,,,,,,,,,,,,,,,,,,,,,,,,,,,,,,,,,,,,,,,,,,,,,,,,,,,,,,,,,,,,,,,,,,,,,,,,,,,,,,,,,,,,,,,,,,,,,,,,,,,,,,,,,,,,,,,,,,,,,,,,,,,,,,,,,,,,,,,,,,,,,,,,,,,,,,,,,,,,,,,
Hermoso apartamento en Cartagena Apt 508,508,Fredy,4.88,,,4.9,4.9,4.8,5,4.8,4.9,25,$62.00,$30.00,1,SI,19,30,31,100,95.5,95.5,95.5,95.5,100,-1,-1,-1,-1,-1,-1,-1,-1,-1,-1,-1,-1,104.5,100,95.5,95.5,95.5,95.5,100,104.5,100,95.5,95.5,95.5,95.5,100,100,-1,110.5,110.5,100,-1,-1,-1,-1,-1,-1,-1,-1,-1,-1,-1,-1,104.5,100,95.5,95.5,95.5,95.5,100,104.5,100,95.5,95.5,95.5,95.5,100,100,-1,110.5,110.5,,,,,,,,,,,,,,,,,,,,,,,,,,,,,,,,,,,,,,,,,,,,,,,,,,,,,,,,,,,,,,,,,,,,,,,,,,,,,,,,,,,,,,,,,,,,,,,,,,,,,,,,,,,,,,,,,,,,,,,,,,,,,,,,,,,,,,,,,,,,,,,,,,,,,,,,,,,,,,,,,,,,,,,,,,,,,
408 - Hermoso Apartamento en Cartagena,408,Fredy,4.86,,,4.9,4.8,4.7,4.8,4.8,4.9,22,$65.00,$32.00,1,SI,11,30,31,-1,88.5,88.5,-1,-1,-1,-1,-1,-1,-1,-1,-1,-1,-1,98,98,98,-1,-1,-1,-1,-1,-1,99.5,99.5,101,99.5,98,98,98,98,-1,-1,98,98,97,-1,-1,-1,-1,-1,-1,-1,-1,-1,98,98,98,-1,-1,-1,-1,-1,-1,99.5,99.5,101,99.5,98,98,98,98,-1,-1,98,98,97,,,,,,,,,,,,,,,,,,,,,,,,,,,,,,,,,,,,,,,,,,,,,,,,,,,,,,,,,,,,,,,,,,,,,,,,,,,,,,,,,,,,,,,,,,,,,,,,,,,,,,,,,,,,,,,,,,,,,,,,,,,,,,,,,,,,,,,,,,,,,,,,,,,,,,,,,,,,,,,,,,,,,,,,,,,,,
Jacuzzi with Oceanview Bliss - 11th Floor Getaway,11XX,Gino,4.89,,,5,5,4.9,4.8,4.8,4.9,45,$82.12,$36.32,1,NO,5,15,24,-1,-1,-1,104,104,-1,-1,-1,-1,-1,-1,-1,-1,-1,-1,-1,-1,-1,-1,106.5,106.5,104,104,104,104,116.5,129.5,129.5,116.5,104,104,105,105,105,117.5,116.5,-1,-1,-1,-1,-1,-1,-1,-1,-1,-1,-1,-1,-1,-1,106.5,106.5,104,104,104,104,116.5,129.5,129.5,116.5,104,104,105,105,105,117.5,116.5,,,,,,,,,,,,,,,,,,,,,,,,,,,,,,,,,,,,,,,,,,,,,,,,,,,,,,,,,,,,,,,,,,,,,,,,,,,,,,,,,,,,,,,,,,,,,,,,,,,,,,,,,,,,,,,,,,,,,,,,,,,,,,,,,,,,,,,,,,,,,,,,,,,,,,,,,,,,,,,,,,,,,,,,,,,,,
Private jacuzzi balcony With sea View | 14th floor,14XX,Gloria del Pilar,5,,,5,5,5,5,4.7,4.9,21,$104.00,$46.00,1,SI,11,23,31,97,97,97,95,93,100.5,108,108,108,108,100.5,93,100.5,108,108,108,108,100.5,93,100.5,108,108,108,108,100.5,93,100.5,108,108,106,103.5,96.5,89.5,96.5,103.5,116,100.5,108,108,108,108,100.5,93,100.5,108,108,108,108,100.5,93,100.5,108,108,108,108,100.5,93,100.5,108,108,106,103.5,96.5,89.5,96.5,103.5,116,,,,,,,,,,,,,,,,,,,,,,,,,,,,,,,,,,,,,,,,,,,,,,,,,,,,,,,,,,,,,,,,,,,,,,,,,,,,,,,,,,,,,,,,,,,,,,,,,,,,,,,,,,,,,,,,,,,,,,,,,,,,,,,,,,,,,,,,,,,,,,,,,,,,,,,,,,,,,,,,,,,,,,,,,,,,,
"Balcony Jacuzzi, Indulge",,Gregory,4.92,,,5,5,4.9,4.9,4.8,4.8,12,$82.00,$34.00,1,SI,20,25,31,76,81,87.5,97.5,106,107,105.5,104,108.5,114.5,118.5,119.5,111.5,103.5,106,109,112.5,124.5,132,121,108.5,108.5,114.5,123.5,132,136,136.5,135.5,126.5,130,145,153.5,160,156.5,144,138.5,107,105.5,104,108.5,114.5,118.5,119.5,111.5,103.5,106,109,112.5,124.5,132,121,108.5,108.5,114.5,123.5,132,136,136.5,135.5,126.5,130,145,153.5,160,156.5,144,138.5,,,,,,,,,,,,,,,,,,,,,,,,,,,,,,,,,,,,,,,,,,,,,,,,,,,,,,,,,,,,,,,,,,,,,,,,,,,,,,,,,,,,,,,,,,,,,,,,,,,,,,,,,,,,,,,,,,,,,,,,,,,,,,,,,,,,,,,,,,,,,,,,,,,,,,,,,,,,,,,,,,,,,,,,,,,,,
1BR Modern APT w/Rooftop Pool near to beach,,Grupo Vita,4.88,,,4.8,4.9,4.8,4.8,4.7,4.7,26,$72.00,$39.00,1,NO,17,30,31,90.5,90.5,90.5,97.5,105,105,101,96,96,97.5,97.5,97.5,97.5,97.5,97.5,97.5,97.5,97.5,97.5,97.5,97.5,97.5,97.5,97.5,103.5,109.5,109.5,103.5,97.5,97.5,97.5,97.5,103.5,109.5,109.5,109,105,101,96,96,97.5,97.5,97.5,97.5,97.5,97.5,97.5,97.5,97.5,97.5,97.5,97.5,97.5,97.5,97.5,103.5,109.5,109.5,103.5,97.5,97.5,97.5,97.5,103.5,109.5,109.5,109,,,,,,,,,,,,,,,,,,,,,,,,,,,,,,,,,,,,,,,,,,,,,,,,,,,,,,,,,,,,,,,,,,,,,,,,,,,,,,,,,,,,,,,,,,,,,,,,,,,,,,,,,,,,,,,,,,,,,,,,,,,,,,,,,,,,,,,,,,,,,,,,,,,,,,,,,,,,,,,,,,,,,,,,,,,,,
1BR Modern APT w/Rooftop Pool near to beach,,Grupo Vita,4.88,,,4.8,4.9,4.8,4.8,4.7,4.7,26,$72.00,$39.00,1,NO,17,30,31,-1,-1,-1,-1,108,113.5,120.5,120.5,120.5,120.5,120.5,120.5,120.5,120.5,120.5,120.5,120.5,120.5,120.5,120.5,120.5,120.5,120.5,120.5,120.5,-1,-1,122,122,121,122,126.5,130.5,130,121.5,113,113.5,120.5,120.5,120.5,120.5,120.5,120.5,120.5,120.5,120.5,120.5,120.5,120.5,120.5,120.5,120.5,120.5,120.5,120.5,120.5,-1,-1,122,122,121,122,126.5,130.5,130,121.5,113,,,,,,,,,,,,,,,,,,,,,,,,,,,,,,,,,,,,,,,,,,,,,,,,,,,,,,,,,,,,,,,,,,,,,,,,,,,,,,,,,,,,,,,,,,,,,,,,,,,,,,,,,,,,,,,,,,,,,,,,,,,,,,,,,,,,,,,,,,,,,,,,,,,,,,,,,,,,,,,,,,,,,,,,,,,,,
DM406-Apartamento con jacuzzi -Camina a Playa Azul,,HostPro,4.78,,,4.8,4.7,4.8,4.8,4.4,4.7,27,$90.00,$19.00,2,SI,17,23,31,-1,-1,-1,93.5,93.5,-1,-1,-1,-1,113.5,115.5,115.5,113.5,113.5,113.5,113.5,113.5,-1,-1,113.5,113.5,113.5,113.5,113.5,113.5,-1,-1,-1,115.5,115.5,117,120,125.5,123.5,119,119,-1,-1,-1,-1,113.5,115.5,115.5,113.5,113.5,113.5,113.5,113.5,-1,-1,113.5,113.5,113.5,113.5,113.5,113.5,-1,-1,-1,115.5,115.5,117,120,125.5,123.5,119,119,,,,,,,,,,,,,,,,,,,,,,,,,,,,,,,,,,,,,,,,,,,,,,,,,,,,,,,,,,,,,,,,,,,,,,,,,,,,,,,,,,,,,,,,,,,,,,,,,,,,,,,,,,,,,,,,,,,,,,,,,,,,,,,,,,,,,,,,,,,,,,,,,,,,,,,,,,,,,,,,,,,,,,,,,,,,,
New & Comfortable Apartment In Cielo Mar,,Huespedia,5,,,5,5,5,5,5,5,4,$75.00,$20.00,2,NO,17,30,31,77.5,77.5,77.5,79.5,86,91,86,81,81,81,83,87,87,83,81,81,81,83,85,85,85,-1,-1,-1,101.5,101.5,111,106,96.5,92,88.5,96.5,106,106.5,99.5,92,91,86,81,81,81,83,87,87,83,81,81,81,83,85,85,85,-1,-1,-1,101.5,101.5,111,106,96.5,92,88.5,96.5,106,106.5,99.5,92,,,,,,,,,,,,,,,,,,,,,,,,,,,,,,,,,,,,,,,,,,,,,,,,,,,,,,,,,,,,,,,,,,,,,,,,,,,,,,,,,,,,,,,,,,,,,,,,,,,,,,,,,,,,,,,,,,,,,,,,,,,,,,,,,,,,,,,,,,,,,,,,,,,,,,,,,,,,,,,,,,,,,,,,,,,,,
New & Luxury Apartment 2 BR In Cielo Mar,,Huespedia,5,,,5,5,5,5,5,5,1,$85.00,$20.00,2,NO,18,30,31,-1,-1,-1,-1,80.5,80.5,78.5,78,78,78,81.5,87,85.5,82,82,82,82,82,84.5,85,87.5,89.5,86,90.5,94.5,100.5,107.5,100.5,91.5,87,84,91.5,100,100.5,94,87.5,80.5,78.5,78,78,78,81.5,87,85.5,82,82,82,82,82,84.5,85,87.5,89.5,86,90.5,94.5,100.5,107.5,100.5,91.5,87,84,91.5,100,100.5,94,87.5,,,,,,,,,,,,,,,,,,,,,,,,,,,,,,,,,,,,,,,,,,,,,,,,,,,,,,,,,,,,,,,,,,,,,,,,,,,,,,,,,,,,,,,,,,,,,,,,,,,,,,,,,,,,,,,,,,,,,,,,,,,,,,,,,,,,,,,,,,,,,,,,,,,,,,,,,,,,,,,,,,,,,,,,,,,,,
Espectacular Apto con Jacuzzi,,Jhonier Y Cinthya,5,,,5,5,4.8,5,4.5,4.8,4,$85.00,$29.00,2,SI,12,25,31,109.5,109.5,109.5,-1,-1,109.5,109.5,109.5,109.5,109.5,109.5,109.5,109.5,109.5,109.5,109.5,109.5,109.5,109.5,109.5,-1,-1,-1,-1,-1,-1,-1,-1,-1,-1,-1,-1,-1,109.5,109.5,109.5,109.5,109.5,109.5,109.5,109.5,109.5,109.5,109.5,109.5,109.5,109.5,109.5,109.5,109.5,109.5,-1,-1,-1,-1,-1,-1,-1,-1,-1,-1,-1,-1,-1,109.5,109.5,109.5,,,,,,,,,,,,,,,,,,,,,,,,,,,,,,,,,,,,,,,,,,,,,,,,,,,,,,,,,,,,,,,,,,,,,,,,,,,,,,,,,,,,,,,,,,,,,,,,,,,,,,,,,,,,,,,,,,,,,,,,,,,,,,,,,,,,,,,,,,,,,,,,,,,,,,,,,,,,,,,,,,,,,,,,,,,,,
Exclusivo apartamento para descanso Cartagena,,Jorge,4.87,,,4.9,4.9,4.9,4.8,4.8,4.8,53,$61.00,$12.00,1,SI,3,21,31,-1,64.5,64.5,64.5,-1,80.5,80.5,79.5,79.5,79.5,79.5,80.5,82,80.5,79.5,79.5,79.5,79.5,80.5,82,83.5,85,85,85,85,89,94,89,85,85,85,85,89,94,92,91,80.5,80.5,79.5,79.5,79.5,79.5,80.5,82,80.5,79.5,79.5,79.5,79.5,80.5,82,83.5,85,85,85,85,89,94,89,85,85,85,85,89,94,92,91,,,,,,,,,,,,,,,,,,,,,,,,,,,,,,,,,,,,,,,,,,,,,,,,,,,,,,,,,,,,,,,,,,,,,,,,,,,,,,,,,,,,,,,,,,,,,,,,,,,,,,,,,,,,,,,,,,,,,,,,,,,,,,,,,,,,,,,,,,,,,,,,,,,,,,,,,,,,,,,,,,,,,,,,,,,,,
Apartamento con jacuzzi privado en Cielo Mar,,Juan Daniel,4.89,,,5,5,4.9,5,4.8,4.9,44,$71.00,$35.00,1,NO,16,30,31,112,112,112,112,116.5,118,-1,-1,-1,-1,-1,-1,120.5,119,112,112,112,113.5,122,129,137,137,210,210,210,210,210,210,210,210,-1,-1,-1,-1,-1,165,118,-1,-1,-1,-1,-1,-1,120.5,119,112,112,112,113.5,122,129,137,137,210,210,210,210,210,210,210,210,-1,-1,-1,-1,-1,165,,,,,,,,,,,,,,,,,,,,,,,,,,,,,,,,,,,,,,,,,,,,,,,,,,,,,,,,,,,,,,,,,,,,,,,,,,,,,,,,,,,,,,,,,,,,,,,,,,,,,,,,,,,,,,,,,,,,,,,,,,,,,,,,,,,,,,,,,,,,,,,,,,,,,,,,,,,,,,,,,,,,,,,,,,,,,
Cartagena 2 Bedroom Apartment with Jacuzzi,,Julio Armando,4.94,,,4.9,4.9,4.9,4.9,4.9,5,17,$98.00,$17.00,2,SI,10,15,31,120.5,120.5,-1,-1,-1,-1,-1,-1,-0.5,-1,-1,-1,-1,129.5,129.5,129.5,129.5,-1,-1,-1,-1,-1,-1,-1,-1,-1,128,128,126.5,126.5,129.5,129.5,-1,-1,105,105,-1,-1,-1,-0.5,-1,-1,-1,-1,129.5,129.5,129.5,129.5,-1,-1,-1,-1,-1,-1,-1,-1,-1,128,128,126.5,126.5,129.5,129.5,-1,-1,105,105,,,,,,,,,,,,,,,,,,,,,,,,,,,,,,,,,,,,,,,,,,,,,,,,,,,,,,,,,,,,,,,,,,,,,,,,,,,,,,,,,,,,,,,,,,,,,,,,,,,,,,,,,,,,,,,,,,,,,,,,,,,,,,,,,,,,,,,,,,,,,,,,,,,,,,,,,,,,,,,,,,,,,,,,,,,,,
"Moderno,Cerca a la playa, Jacuzzi privado.",,Lale,4.86,,,4.8,4.9,4.8,4.9,4.6,4.8,22,$99.00,$50.00,2,SI,15,30,31,131,131,131,135,139,139,138,136.5,136.5,137,148.5,159,153.5,148.5,148.5,148.5,148.5,148.5,153.5,159,159,159,159,159,159,159,159,159,159,156,152.5,152.5,152.5,152.5,152.5,152.5,139,138,136.5,136.5,137,148.5,159,153.5,148.5,148.5,148.5,148.5,148.5,153.5,159,159,159,159,159,159,159,159,159,159,156,152.5,152.5,152.5,152.5,152.5,152.5,,,,,,,,,,,,,,,,,,,,,,,,,,,,,,,,,,,,,,,,,,,,,,,,,,,,,,,,,,,,,,,,,,,,,,,,,,,,,,,,,,,,,,,,,,,,,,,,,,,,,,,,,,,,,,,,,,,,,,,,,,,,,,,,,,,,,,,,,,,,,,,,,,,,,,,,,,,,,,,,,,,,,,,,,,,,,
"Impresionante vista, mar, dominique 2suites",,Living Over,4.93,,,4.9,5,4.9,4.9,4.8,4.9,42,$86.00,$22.00,2,NO,4,17,26,-1,-1,-1,-1,-1,129.5,140,134,127.5,127.5,127.5,127.5,127.5,127.5,127.5,127.5,127.5,127.5,127.5,130.5,132.5,132.5,132.5,132.5,132.5,132.5,132.5,132.5,132.5,132.5,132.5,132.5,132.5,132.5,132.5,134,129.5,140,134,127.5,127.5,127.5,127.5,127.5,127.5,127.5,127.5,127.5,127.5,127.5,130.5,132.5,132.5,132.5,132.5,132.5,132.5,132.5,132.5,132.5,132.5,132.5,132.5,132.5,132.5,132.5,134,,,,,,,,,,,,,,,,,,,,,,,,,,,,,,,,,,,,,,,,,,,,,,,,,,,,,,,,,,,,,,,,,,,,,,,,,,,,,,,,,,,,,,,,,,,,,,,,,,,,,,,,,,,,,,,,,,,,,,,,,,,,,,,,,,,,,,,,,,,,,,,,,,,,,,,,,,,,,,,,,,,,,,,,,,,,,
"Asombrosa Vista, mar y Jacuzzi floor 10th",1002,Living Over,4.85,,,4.9,4.9,4.8,4.8,4.8,4.9,66,$101.00,$27.00,2,SI,1,17,31,-1,132,132,-1,-1,-1,-1,132,132,-1,-1,-1,-1,-1,-1,-1,-1,-1,-1,-1,153,153,153,153,153,-1,-1,-1,160,160,160,160,160,160,160,160,-1,-1,132,132,-1,-1,-1,-1,-1,-1,-1,-1,-1,-1,-1,153,153,153,153,153,-1,-1,-1,160,160,160,160,160,160,160,160,,,,,,,,,,,,,,,,,,,,,,,,,,,,,,,,,,,,,,,,,,,,,,,,,,,,,,,,,,,,,,,,,,,,,,,,,,,,,,,,,,,,,,,,,,,,,,,,,,,,,,,,,,,,,,,,,,,,,,,,,,,,,,,,,,,,,,,,,,,,,,,,,,,,,,,,,,,,,,,,,,,,,,,,,,,,,
"Apartment in Cartagena,Private Jacuzzi & Oceanview",,Luis,5,,,5,5,5,5,4.9,5,7,$93.00,$35.00,2,SI,19,30,31,-1,125.5,149,172.5,172.5,172.5,157.5,143,143,143,143,143,143,143,131,131,131,131,131,131,131,131,131,144,157,157,157,144,131,131,144,157,157,157,144,123,172.5,157.5,143,143,143,143,143,143,143,131,131,131,131,131,131,131,131,131,144,157,157,157,144,131,131,144,157,157,157,144,123,,,,,,,,,,,,,,,,,,,,,,,,,,,,,,,,,,,,,,,,,,,,,,,,,,,,,,,,,,,,,,,,,,,,,,,,,,,,,,,,,,,,,,,,,,,,,,,,,,,,,,,,,,,,,,,,,,,,,,,,,,,,,,,,,,,,,,,,,,,,,,,,,,,,,,,,,,,,,,,,,,,,,,,,,,,,,
Lujoso apartamento con jacuzzi - Dominique,,Luis Ctg Rentals,4.87,,,4.8,4.8,4.9,4.3,4.7,4.7,23,$77.00,$40.00,1,SI,17,25,31,100,100,100,100,105.5,111.5,-1,-1,-1,-1,-1,-1,105.5,100,100,100,100,105.5,111.5,108.5,105.5,105.5,105.5,105.5,108.5,111.5,111.5,111.5,111.5,111.5,111.5,114.5,117.5,117.5,117.5,117.5,111.5,-1,-1,-1,-1,-1,-1,105.5,100,100,100,100,105.5,111.5,108.5,105.5,105.5,105.5,105.5,108.5,111.5,111.5,111.5,111.5,111.5,111.5,114.5,117.5,117.5,117.5,117.5,,,,,,,,,,,,,,,,,,,,,,,,,,,,,,,,,,,,,,,,,,,,,,,,,,,,,,,,,,,,,,,,,,,,,,,,,,,,,,,,,,,,,,,,,,,,,,,,,,,,,,,,,,,,,,,,,,,,,,,,,,,,,,,,,,,,,,,,,,,,,,,,,,,,,,,,,,,,,,,,,,,,,,,,,,,,,
Apartamento Moderno con Jacuzzi Privado D504,504,María Camila,5,,,5,5,5,5,5,5,1,$99.00,$0.00,2,SI,15,30,31,60.5,70.5,80.5,80.5,80.5,-1,-1,158.5,158.5,158.5,158.5,158.5,158.5,158.5,158.5,158.5,158.5,158.5,158.5,158.5,158.5,158.5,158.5,158.5,158.5,158.5,158.5,158.5,158.5,158.5,158.5,158.5,158.5,137,115.5,151,-1,-1,158.5,158.5,158.5,158.5,158.5,158.5,158.5,158.5,158.5,158.5,158.5,158.5,158.5,158.5,158.5,158.5,158.5,158.5,158.5,158.5,158.5,158.5,158.5,158.5,158.5,158.5,137,115.5,151,,,,,,,,,,,,,,,,,,,,,,,,,,,,,,,,,,,,,,,,,,,,,,,,,,,,,,,,,,,,,,,,,,,,,,,,,,,,,,,,,,,,,,,,,,,,,,,,,,,,,,,,,,,,,,,,,,,,,,,,,,,,,,,,,,,,,,,,,,,,,,,,,,,,,,,,,,,,,,,,,,,,,,,,,,,,,
"Dominque 1005, private jacuzzi",1005,Mauricio,4.83,,,4.8,4.9,4.9,4.8,4.7,4.8,18,$81.00,$36.00,1,SI,5,27,27,-1,98,98,98,98,105,112,112,112,112,112,112,112,112,112,112,112,112,112.5,112.5,112,112,112,112.5,117,122,122.5,117.5,112.5,112,114,114,-1,-1,-1,-1,105,112,112,112,112,112,112,112,112,112,112,112,112,112.5,112.5,112,112,112,112.5,117,122,122.5,117.5,112.5,112,114,114,-1,-1,-1,-1,,,,,,,,,,,,,,,,,,,,,,,,,,,,,,,,,,,,,,,,,,,,,,,,,,,,,,,,,,,,,,,,,,,,,,,,,,,,,,,,,,,,,,,,,,,,,,,,,,,,,,,,,,,,,,,,,,,,,,,,,,,,,,,,,,,,,,,,,,,,,,,,,,,,,,,,,,,,,,,,,,,,,,,,,,,,,
"Luxurious Apartment, Private Jacuzzi & Sea View",,Nela,4.94,,,5,4.9,4.9,5,4.8,4.9,70,$87.00,$35.00,1,SI,9,26,26,-1,-1,-1,-1,-1,180,174,142,110,110,110,-1,-1,110,110,110,110,110,110,110,110,110,-1,-1,-1,-1,110,110,110,110,-1,-1,-1,-1,-1,-1,180,174,142,110,110,110,-1,-1,110,110,110,110,110,110,110,110,110,-1,-1,-1,-1,110,110,110,110,-1,-1,-1,-1,-1,-1,,,,,,,,,,,,,,,,,,,,,,,,,,,,,,,,,,,,,,,,,,,,,,,,,,,,,,,,,,,,,,,,,,,,,,,,,,,,,,,,,,,,,,,,,,,,,,,,,,,,,,,,,,,,,,,,,,,,,,,,,,,,,,,,,,,,,,,,,,,,,,,,,,,,,,,,,,,,,,,,,,,,,,,,,,,,,
Luxurious Apartment - Private Jacuzzi & Top View,,Nela,4.92,,,5,4.9,4.8,5,4.9,4.9,37,$131.00,$40.00,1,SI,20,30,31,129,129,129,-1,-1,-1,-1,107,107,107,107,107,107,107,107,107,107,107,107,107,107,107,107,107,107,107,107,107,107,107,107,107,107,107,107,107,-1,-1,107,107,107,107,107,107,107,107,107,107,107,107,107,107,107,107,107,107,107,107,107,107,107,107,107,107,107,107,107,,,,,,,,,,,,,,,,,,,,,,,,,,,,,,,,,,,,,,,,,,,,,,,,,,,,,,,,,,,,,,,,,,,,,,,,,,,,,,,,,,,,,,,,,,,,,,,,,,,,,,,,,,,,,,,,,,,,,,,,,,,,,,,,,,,,,,,,,,,,,,,,,,,,,,,,,,,,,,,,,,,,,,,,,,,,,
Luxury 1BR in Brickell | Ocean View Free Parking,,Nestor,5,,,5,4.4,4.8,4.6,4.8,4,5,$77.00,$46.00,1,SI,19,9,29,91,93,94.5,94.5,94.5,97.5,100.5,97.5,94.5,94.5,97.5,106,112,112,-1,-1,-1,112,112,112,112,-1,-1,-1,-1,-1,-1,103,103,103,103,107.5,112,112,107.5,120.5,97.5,100.5,97.5,94.5,94.5,97.5,106,112,112,-1,-1,-1,112,112,112,112,-1,-1,-1,-1,-1,-1,103,103,103,103,107.5,112,112,107.5,120.5,,,,,,,,,,,,,,,,,,,,,,,,,,,,,,,,,,,,,,,,,,,,,,,,,,,,,,,,,,,,,,,,,,,,,,,,,,,,,,,,,,,,,,,,,,,,,,,,,,,,,,,,,,,,,,,,,,,,,,,,,,,,,,,,,,,,,,,,,,,,,,,,,,,,,,,,,,,,,,,,,,,,,,,,,,,,,
Apartment in Cartagena: Relax like Home,,Nestor Y Mark,4.75,,,4.5,4.8,5,5,4.5,4.5,4,$93.60,$45.00,2,SI,0,29,31,106.5,106.5,106.5,121.5,137,137,137,137,137,137,137,137,137,137,126,126,126,126,126,126,126,126,126,126,126,126,126,126,126,126,126,126,126,126,126,126,137,137,137,137,137,137,137,137,137,126,126,126,126,126,126,126,126,126,126,126,126,126,126,126,126,126,126,126,126,126,126,,,,,,,,,,,,,,,,,,,,,,,,,,,,,,,,,,,,,,,,,,,,,,,,,,,,,,,,,,,,,,,,,,,,,,,,,,,,,,,,,,,,,,,,,,,,,,,,,,,,,,,,,,,,,,,,,,,,,,,,,,,,,,,,,,,,,,,,,,,,,,,,,,,,,,,,,,,,,,,,,,,,,,,,,,,,,
Stylish Apartment Steps to Beach - 1108,1108,Oscar,5,,,5,5,5,5,5,5,1,$73.00,$29.00,1,NO,20,30,31,104,104,104,104,104,104.5,104.5,104,104,104,104,104,104,105,105,104,104,104,104,104,105,105,104,104,104,104.5,106,105,104,104,104,104,104,104.5,104.5,104,104.5,104.5,104,104,104,104,104,104,105,105,104,104,104,104,104,105,105,104,104,104,104.5,106,105,104,104,104,104,104,104.5,104.5,104,,,,,,,,,,,,,,,,,,,,,,,,,,,,,,,,,,,,,,,,,,,,,,,,,,,,,,,,,,,,,,,,,,,,,,,,,,,,,,,,,,,,,,,,,,,,,,,,,,,,,,,,,,,,,,,,,,,,,,,,,,,,,,,,,,,,,,,,,,,,,,,,,,,,,,,,,,,,,,,,,,,,,,,,,,,,,
Stylish Apartment Steps to Beach - 1208,1208,Oscar,5,,,5,5,5,5,5,5,1,$73.00,$29.00,1,SI,20,30,31,104,104,104,104,104,95,95,95,95,95,95,95,95,95,95,95,95,95,95,95,95,95,95,95,95,95,95,95,95,95,95,95,95,95,95,95,95,95,95,95,95,95,95,95,95,95,95,95,95,95,95,95,95,95,95,95,95,95,95,95,95,95,95,95,95,95,95,,,,,,,,,,,,,,,,,,,,,,,,,,,,,,,,,,,,,,,,,,,,,,,,,,,,,,,,,,,,,,,,,,,,,,,,,,,,,,,,,,,,,,,,,,,,,,,,,,,,,,,,,,,,,,,,,,,,,,,,,,,,,,,,,,,,,,,,,,,,,,,,,,,,,,,,,,,,,,,,,,,,,,,,,,,,,
Stylish Apartment Steps to Beach - 1002,,Oscar,5,,,5,5,5,5,5,5,1,$87.38,$29.13,2,SI,16,30,31,132.5,132.5,132.5,132.5,132.5,121.5,121.5,121.5,121.5,121.5,121.5,121.5,121.5,121.5,121.5,121.5,121.5,121.5,121.5,121.5,121.5,121.5,121.5,121.5,121.5,121.5,121.5,121.5,121.5,121.5,121.5,121.5,121.5,121.5,121.5,121.5,121.5,121.5,121.5,121.5,121.5,121.5,121.5,121.5,121.5,121.5,121.5,121.5,121.5,121.5,121.5,121.5,121.5,121.5,121.5,121.5,121.5,121.5,121.5,121.5,121.5,121.5,121.5,121.5,121.5,121.5,121.5,,,,,,,,,,,,,,,,,,,,,,,,,,,,,,,,,,,,,,,,,,,,,,,,,,,,,,,,,,,,,,,,,,,,,,,,,,,,,,,,,,,,,,,,,,,,,,,,,,,,,,,,,,,,,,,,,,,,,,,,,,,,,,,,,,,,,,,,,,,,,,,,,,,,,,,,,,,,,,,,,,,,,,,,,,,,,
New Luxury + Private Jacuzzi + Nesspresso + Views,1308,Santiago,5,,,5,5,5,5,4.9,5,19,$91.00,$38.00,1,SI,1,23,26,101,101,-1,-1,-1,-1,-1,-1,-1,-1,-1,-1,-0.5,-1,-1,-1,-1,-1,-1,-1,-1,-1,-1,-1,-1,-1,108,108,108,-1,-1,-1,124,124,124,124,-1,-1,-1,-1,-1,-1,-1,-0.5,-1,-1,-1,-1,-1,-1,-1,-1,-1,-1,-1,-1,-1,108,108,108,-1,-1,-1,124,124,124,124,,,,,,,,,,,,,,,,,,,,,,,,,,,,,,,,,,,,,,,,,,,,,,,,,,,,,,,,,,,,,,,,,,,,,,,,,,,,,,,,,,,,,,,,,,,,,,,,,,,,,,,,,,,,,,,,,,,,,,,,,,,,,,,,,,,,,,,,,,,,,,,,,,,,,,,,,,,,,,,,,,,,,,,,,,,,,
Ingenian Rental Marvelous View DQ 1206,1206,Stay Q,5,,,4.9,5,4.9,4.8,4.9,4.9,14,$101.00,$38.00,2,SI,13,30,31,96.5,96.5,148.5,201,201,201,-0.5,-1,-1,-1,-1,-1,114.5,114.5,114.5,105.5,105.5,105.5,105.5,105.5,105.5,105.5,105.5,105.5,105.5,105.5,105.5,105.5,105.5,105.5,105.5,105.5,105.5,105.5,105.5,-1,201,-0.5,-1,-1,-1,-1,-1,114.5,114.5,114.5,105.5,105.5,105.5,105.5,105.5,105.5,105.5,105.5,105.5,105.5,105.5,105.5,105.5,105.5,105.5,105.5,105.5,105.5,105.5,105.5,-1,,,,,,,,,,,,,,,,,,,,,,,,,,,,,,,,,,,,,,,,,,,,,,,,,,,,,,,,,,,,,,,,,,,,,,,,,,,,,,,,,,,,,,,,,,,,,,,,,,,,,,,,,,,,,,,,,,,,,,,,,,,,,,,,,,,,,,,,,,,,,,,,,,,,,,,,,,,,,,,,,,,,,,,,,,,,,
Tropical Luxury Condo Private Jacuzzi WIFI DQ1201,1201,Stay Q,5,,,5,5,5,5,5,5,5,$93.00,$40.00,2,SI,12,30,31,109,109,109,109,109,109,-1,-1,-1,-1,-1,-1,-1,109,113,113,103,103,-1,-1,-1,-1,-1,-1,-1,-1,-1,-1,-1,-1,-1,-1,-1,-1,149.5,149.5,109,-1,-1,-1,-1,-1,-1,-1,109,113,113,103,103,-1,-1,-1,-1,-1,-1,-1,-1,-1,-1,-1,-1,-1,-1,-1,-1,149.5,149.5,,,,,,,,,,,,,,,,,,,,,,,,,,,,,,,,,,,,,,,,,,,,,,,,,,,,,,,,,,,,,,,,,,,,,,,,,,,,,,,,,,,,,,,,,,,,,,,,,,,,,,,,,,,,,,,,,,,,,,,,,,,,,,,,,,,,,,,,,,,,,,,,,,,,,,,,,,,,,,,,,,,,,,,,,,,,,
Apartamento jacuzzi privado cerca a playa DQ604,604,Stay Q,5,,,5,4.7,5,5,5,5,3,$98.00,$41.00,2,SI,18,21,31,98.5,98.5,98.5,98.5,98.5,107,124.5,134,134,134,134,134,134,134,134,134,134,134,134,134,134,-1,-1,-1,-1,200,200,206.5,213,213,213,213,213,213,213,213,107,124.5,134,134,134,134,134,134,134,134,134,134,134,134,134,134,-1,-1,-1,-1,200,200,206.5,213,213,213,213,213,213,213,213,,,,,,,,,,,,,,,,,,,,,,,,,,,,,,,,,,,,,,,,,,,,,,,,,,,,,,,,,,,,,,,,,,,,,,,,,,,,,,,,,,,,,,,,,,,,,,,,,,,,,,,,,,,,,,,,,,,,,,,,,,,,,,,,,,,,,,,,,,,,,,,,,,,,,,,,,,,,,,,,,,,,,,,,,,,,,
Luxury Brand New Apartment Dominique DQ605,605,Stay Q,5,,,5,5,4.3,4.7,5,5,3,$71.00,$42.00,1,SI,20,30,31,-1,-1,-1,-1,91,91,91,91,91,91,91,97,103.5,103.5,103.5,103.5,103.5,103.5,103.5,103.5,103.5,103.5,103.5,103.5,103.5,103.5,103.5,103.5,103.5,103.5,103.5,103.5,103.5,103.5,103.5,103.5,91,91,91,91,91,91,97,103.5,103.5,103.5,103.5,103.5,103.5,103.5,103.5,103.5,103.5,103.5,103.5,103.5,103.5,103.5,103.5,103.5,103.5,103.5,103.5,103.5,103.5,103.5,103.5,,,,,,,,,,,,,,,,,,,,,,,,,,,,,,,,,,,,,,,,,,,,,,,,,,,,,,,,,,,,,,,,,,,,,,,,,,,,,,,,,,,,,,,,,,,,,,,,,,,,,,,,,,,,,,,,,,,,,,,,,,,,,,,,,,,,,,,,,,,,,,,,,,,,,,,,,,,,,,,,,,,,,,,,,,,,,
Brand New Luxury Apartment Private Jacuzzi DQ901,901,Stay Q,5,,,5,5,5,5,5,5,2,$92.00,$44.00,2,SI,15,27,31,101.5,101.5,106.5,111,111,111,111,111,111,-1,-1,-1,111,111,111,111,111,111,111,-1,-1,-1,111,111,111,-1,-1,-1,97,97,97,-1,-1,97,97,97,111,111,111,111,-1,-1,-1,111,111,111,111,111,111,111,-1,-1,-1,111,111,111,-1,-1,-1,97,97,97,-1,-1,97,97,97,,,,,,,,,,,,,,,,,,,,,,,,,,,,,,,,,,,,,,,,,,,,,,,,,,,,,,,,,,,,,,,,,,,,,,,,,,,,,,,,,,,,,,,,,,,,,,,,,,,,,,,,,,,,,,,,,,,,,,,,,,,,,,,,,,,,,,,,,,,,,,,,,,,,,,,,,,,,,,,,,,,,,,,,,,,,,
Apartamento lujoso con Jacuzzi privado,1207,Stay Q,5,,,5,5,5,5,5,5,2,$95.00,$36.00,1,SI,20,30,31,112.5,112.5,112.5,112.5,112.5,-1,-1,-1,-1,-1,-1,-1,-1,-1,-1,-1,-1,-1,-1,-1,-1,-1,-1,-1,-1,-1,-1,-1,-0.5,-1,-1,-1,-1,-1,-1,-1,-1,-1,-1,-1,-1,-1,-1,-1,-1,-1,-1,-1,-1,-1,-1,-1,-1,-1,-1,-1,-1,-1,-1,-0.5,-1,-1,-1,-1,-1,-1,-1,,,,,,,,,,,,,,,,,,,,,,,,,,,,,,,,,,,,,,,,,,,,,,,,,,,,,,,,,,,,,,,,,,,,,,,,,,,,,,,,,,,,,,,,,,,,,,,,,,,,,,,,,,,,,,,,,,,,,,,,,,,,,,,,,,,,,,,,,,,,,,,,,,,,,,,,,,,,,,,,,,,,,,,,,,,,,
OceanView 2BD with private Jacuzzi DQ706,706,Stay Q,5,,,5,5,5,5,5,5,1,$97.00,$41.00,2,SI,17,21,28,103.5,103.5,103.5,111,111,-1,-1,-1,-1,-1,-1,-1,-1,122,122,122,122,122,128,134,134,128,122,122,122,151.5,181,181,181,197,213,213,213,213,213,213,-1,-1,-1,-1,-1,-1,-1,-1,122,122,122,122,122,128,134,134,128,122,122,122,151.5,181,181,181,197,213,213,213,213,213,213,,,,,,,,,,,,,,,,,,,,,,,,,,,,,,,,,,,,,,,,,,,,,,,,,,,,,,,,,,,,,,,,,,,,,,,,,,,,,,,,,,,,,,,,,,,,,,,,,,,,,,,,,,,,,,,,,,,,,,,,,,,,,,,,,,,,,,,,,,,,,,,,,,,,,,,,,,,,,,,,,,,,,,,,,,,,,
Luxury Condo Balcony Private Jacuzzi DQ1202,1202,Stay Q,4.97,,,4.9,4.9,4.9,4.9,4.8,4.9,30,$122.00,$40.00,2,SI,5,30,31,90.5,90.5,94,98,98,98,98,98,98,98,98,98,98,98,98,98,98,98,98,98,98,98,98,98,98,98,98,98,98,98,98,98,98,98,98,110.5,98,98,98,98,98,98,98,98,98,98,98,98,98,98,98,98,98,98,98,98,98,98,98,98,98,98,98,98,98,98,110.5,,,,,,,,,,,,,,,,,,,,,,,,,,,,,,,,,,,,,,,,,,,,,,,,,,,,,,,,,,,,,,,,,,,,,,,,,,,,,,,,,,,,,,,,,,,,,,,,,,,,,,,,,,,,,,,,,,,,,,,,,,,,,,,,,,,,,,,,,,,,,,,,,,,,,,,,,,,,,,,,,,,,,,,,,,,,,
Luxury New Condo with Jacuzzi DQ1104,1104,Stay Q,4.96,,,4.8,5,5,5,4.8,4.9,27,$93.00,$40.00,2,SI,20,30,31,-1,-1,-1,-1,-1,126,134,134,134,134,134,134,134,134,134,134,134,134,134,134,134,134,134,134,134,167,200,206.5,213,213,213,-1,-1,-1,-1,-1,126,134,134,134,134,134,134,134,134,134,134,134,134,134,134,134,134,134,134,134,167,200,206.5,213,213,213,-1,-1,-1,-1,-1,,,,,,,,,,,,,,,,,,,,,,,,,,,,,,,,,,,,,,,,,,,,,,,,,,,,,,,,,,,,,,,,,,,,,,,,,,,,,,,,,,,,,,,,,,,,,,,,,,,,,,,,,,,,,,,,,,,,,,,,,,,,,,,,,,,,,,,,,,,,,,,,,,,,,,,,,,,,,,,,,,,,,,,,,,,,,
Exclusive Condo Private Jacuzzi Dominique 1408,1408,Stay Q,4.94,,,4.9,4.9,5,4.9,4.8,4.9,64,$98.00,$40.00,1,SI,10,30,28,-1,-1,86,97.5,109.5,111,101,89.5,89.5,89.5,101,112.5,112.5,112.5,112.5,112.5,112.5,112.5,112.5,112.5,112.5,112.5,112.5,112.5,112.5,112.5,112.5,112.5,105.5,98.5,98.5,98.5,98.5,98.5,98.5,98.5,111,101,89.5,89.5,89.5,101,112.5,112.5,112.5,112.5,112.5,112.5,112.5,112.5,112.5,112.5,112.5,112.5,112.5,112.5,112.5,112.5,112.5,105.5,98.5,98.5,98.5,98.5,98.5,98.5,98.5,,,,,,,,,,,,,,,,,,,,,,,,,,,,,,,,,,,,,,,,,,,,,,,,,,,,,,,,,,,,,,,,,,,,,,,,,,,,,,,,,,,,,,,,,,,,,,,,,,,,,,,,,,,,,,,,,,,,,,,,,,,,,,,,,,,,,,,,,,,,,,,,,,,,,,,,,,,,,,,,,,,,,,,,,,,,,
Luxury apartment with jacuzzi Dominique DQ809,809,Stay Q,4.94,,,4.9,4.9,4.8,4.8,5,4.9,18,$73.00,$40.00,1,SI,17,30,31,-1,88,95.5,102.5,109.5,111,112.5,112.5,112.5,112.5,112.5,112.5,112.5,112.5,112.5,112.5,112.5,112.5,112.5,112.5,112.5,112.5,112.5,112.5,112.5,112.5,112.5,112.5,105.5,98.5,98.5,98.5,98.5,98.5,98.5,98.5,111,112.5,112.5,112.5,112.5,112.5,112.5,112.5,112.5,112.5,112.5,112.5,112.5,112.5,112.5,112.5,112.5,112.5,112.5,112.5,112.5,112.5,112.5,105.5,98.5,98.5,98.5,98.5,98.5,98.5,98.5,,,,,,,,,,,,,,,,,,,,,,,,,,,,,,,,,,,,,,,,,,,,,,,,,,,,,,,,,,,,,,,,,,,,,,,,,,,,,,,,,,,,,,,,,,,,,,,,,,,,,,,,,,,,,,,,,,,,,,,,,,,,,,,,,,,,,,,,,,,,,,,,,,,,,,,,,,,,,,,,,,,,,,,,,,,,,
Luxury Condo Near to the beach DQ510,510,Stay Q,4.93,,,4.8,4.8,4.9,4.8,4.8,4.9,15,$85.00,$44.00,2,NO,14,30,31,97,97,97,-1,-1,-1,-1,106,106,106,-1,-1,-1,-1,-1,-1,-1,-1,-1,106,106,106,106,106,106,106,101.5,97,97,97,-1,-1,-1,-1,176,176,-1,-1,106,106,106,-1,-1,-1,-1,-1,-1,-1,-1,-1,106,106,106,106,106,106,106,101.5,97,97,97,-1,-1,-1,-1,176,176,,,,,,,,,,,,,,,,,,,,,,,,,,,,,,,,,,,,,,,,,,,,,,,,,,,,,,,,,,,,,,,,,,,,,,,,,,,,,,,,,,,,,,,,,,,,,,,,,,,,,,,,,,,,,,,,,,,,,,,,,,,,,,,,,,,,,,,,,,,,,,,,,,,,,,,,,,,,,,,,,,,,,,,,,,,,,
Luxury Coastal Tranquility Dominique DQ610,610,Stay Q,4.91,,,4.9,5,5,4.8,4.8,4.7,23,$103.00,$41.00,2,SI,20,30,31,-1,-1,-1,116,116,124,132,132,132,132,132,132,132,132,132,132,132,132,-1,-1,132,132,132,132,132,165,198,204.5,211,211,211,211,211,211,211,211,124,132,132,132,132,132,132,132,132,132,132,132,132,-1,-1,132,132,132,132,132,165,198,204.5,211,211,211,211,211,211,211,211,,,,,,,,,,,,,,,,,,,,,,,,,,,,,,,,,,,,,,,,,,,,,,,,,,,,,,,,,,,,,,,,,,,,,,,,,,,,,,,,,,,,,,,,,,,,,,,,,,,,,,,,,,,,,,,,,,,,,,,,,,,,,,,,,,,,,,,,,,,,,,,,,,,,,,,,,,,,,,,,,,,,,,,,,,,,,
Luxury Condo Private Jacuzzi Dominique DQ911,911,Stay Q,4.9,,,4.8,4.9,4.9,5,4.8,4.9,10,$71.00,$41.00,1,SI,20,30,31,-1,88,95.5,102.5,109.5,111,112.5,112.5,112.5,112.5,112.5,112.5,112.5,112.5,112.5,112.5,112.5,112.5,112.5,112.5,112.5,112.5,112.5,112.5,112.5,112.5,112.5,112.5,105.5,98.5,98.5,98.5,98.5,98.5,98.5,98.5,111,112.5,112.5,112.5,112.5,112.5,112.5,112.5,112.5,112.5,112.5,112.5,112.5,112.5,112.5,112.5,112.5,112.5,112.5,112.5,112.5,112.5,112.5,105.5,98.5,98.5,98.5,98.5,98.5,98.5,98.5,,,,,,,,,,,,,,,,,,,,,,,,,,,,,,,,,,,,,,,,,,,,,,,,,,,,,,,,,,,,,,,,,,,,,,,,,,,,,,,,,,,,,,,,,,,,,,,,,,,,,,,,,,,,,,,,,,,,,,,,,,,,,,,,,,,,,,,,,,,,,,,,,,,,,,,,,,,,,,,,,,,,,,,,,,,,,
Luxury Apartment with Private Jacuzzi DQ410,410,Stay Q,4.89,,,4.8,5,4.8,4.8,5,5,19,$85.00,$41.00,2,SI,18,30,31,-1,-1,-1,-1,109,109,109,109,109,109,109,109,109,109,109,-1,-1,-1,-1,-1,97,97,97,97,97,97,-1,-1,-1,-1,-1,-1,-1,-1,149.5,149.5,109,109,109,109,109,109,109,109,109,109,-1,-1,-1,-1,-1,97,97,97,97,97,97,-1,-1,-1,-1,-1,-1,-1,-1,149.5,149.5,,,,,,,,,,,,,,,,,,,,,,,,,,,,,,,,,,,,,,,,,,,,,,,,,,,,,,,,,,,,,,,,,,,,,,,,,,,,,,,,,,,,,,,,,,,,,,,,,,,,,,,,,,,,,,,,,,,,,,,,,,,,,,,,,,,,,,,,,,,,,,,,,,,,,,,,,,,,,,,,,,,,,,,,,,,,,
Luxury apartment Private Jacuzzi Dominique 1407,1407,Stay Q,4.89,,,4.8,4.6,4.8,4.9,4.8,4.7,9,$76.00,$41.00,1,SI,20,30,31,81,81,81,86.5,86.5,-1,-1,112.5,112.5,112.5,112.5,112.5,112.5,112.5,112.5,112.5,112.5,112.5,112.5,112.5,112.5,112.5,112.5,112.5,112.5,112.5,112.5,112.5,105.5,98.5,98.5,98.5,98.5,98.5,98.5,98.5,-1,-1,112.5,112.5,112.5,112.5,112.5,112.5,112.5,112.5,112.5,112.5,112.5,112.5,112.5,112.5,112.5,112.5,112.5,112.5,112.5,112.5,112.5,105.5,98.5,98.5,98.5,98.5,98.5,98.5,98.5,,,,,,,,,,,,,,,,,,,,,,,,,,,,,,,,,,,,,,,,,,,,,,,,,,,,,,,,,,,,,,,,,,,,,,,,,,,,,,,,,,,,,,,,,,,,,,,,,,,,,,,,,,,,,,,,,,,,,,,,,,,,,,,,,,,,,,,,,,,,,,,,,,,,,,,,,,,,,,,,,,,,,,,,,,,,,
Luxurious 2 BR w stun view ideal 4 Families DQ1109,1109,Stay Q,4.88,,,5,4.9,4.9,4.8,4.9,4.8,26,$110.00,$41.00,1,SI,0,30,31,-1,-1,-1,-1,-1,111,103,93,93,93,93,93,93,93,93,93,93,93,93,93,93,93,93,93,103,112.5,112.5,112.5,105.5,98.5,98.5,98.5,98.5,98.5,98.5,98.5,111,103,93,93,93,93,93,93,93,93,93,93,93,93,93,93,93,93,93,103,112.5,112.5,112.5,105.5,98.5,98.5,98.5,98.5,98.5,98.5,98.5,,,,,,,,,,,,,,,,,,,,,,,,,,,,,,,,,,,,,,,,,,,,,,,,,,,,,,,,,,,,,,,,,,,,,,,,,,,,,,,,,,,,,,,,,,,,,,,,,,,,,,,,,,,,,,,,,,,,,,,,,,,,,,,,,,,,,,,,,,,,,,,,,,,,,,,,,,,,,,,,,,,,,,,,,,,,,
"Luxury, Private Jacuzzi Close to the beach DQ804",804,Stay Q,4.87,,,4.7,4.9,5,4.7,4.8,4.7,15,$83.00,$40.00,2,SI,20,27,31,99,99,103.5,108.5,109,109,109,109,109,109,109,109,109,109,113,113,103,97,97,97,97,97,97,97,97,97,-1,-1,-1,-1,-1,-1,-1,-1,149.5,149.5,109,109,109,109,109,109,109,109,109,113,113,103,97,97,97,97,97,97,97,97,97,-1,-1,-1,-1,-1,-1,-1,-1,149.5,149.5,,,,,,,,,,,,,,,,,,,,,,,,,,,,,,,,,,,,,,,,,,,,,,,,,,,,,,,,,,,,,,,,,,,,,,,,,,,,,,,,,,,,,,,,,,,,,,,,,,,,,,,,,,,,,,,,,,,,,,,,,,,,,,,,,,,,,,,,,,,,,,,,,,,,,,,,,,,,,,,,,,,,,,,,,,,,,
Luxury & Cozy With Jacuzzi DQ1006,1006,Stay Q,4.86,,,5,4.9,4.8,4.7,4.7,4.8,21,$93.00,$40.00,2,SI,20,27,31,132,132,132,132,132,132,-1,-1,-1,-1,-1,-1,-1,-1,-1,132,132,132,132,132,132,132,132,132,132,165,198,204.5,211,211,211,211,211,211,211,211,132,-1,-1,-1,-1,-1,-1,-1,-1,-1,132,132,132,132,132,132,132,132,132,132,165,198,204.5,211,211,211,211,211,211,211,211,,,,,,,,,,,,,,,,,,,,,,,,,,,,,,,,,,,,,,,,,,,,,,,,,,,,,,,,,,,,,,,,,,,,,,,,,,,,,,,,,,,,,,,,,,,,,,,,,,,,,,,,,,,,,,,,,,,,,,,,,,,,,,,,,,,,,,,,,,,,,,,,,,,,,,,,,,,,,,,,,,,,,,,,,,,,,
Luxury apartment with Private Jacuzzi Dominique,611,Stay Q,4.86,,,4.8,4.8,4.7,4.7,4.7,4.7,14,$82.00,$39.00,1,SI,20,30,31,-1,-1,-1,-1,109.5,109.5,-0.5,-1,-1,-1,-1,-1,-1,-1,-1,-1,-1,-1,-1,-1,112.5,112.5,112.5,112.5,112.5,112.5,112.5,112.5,105.5,98.5,98.5,98.5,98.5,98.5,98.5,98.5,109.5,-0.5,-1,-1,-1,-1,-1,-1,-1,-1,-1,-1,-1,-1,-1,112.5,112.5,112.5,112.5,112.5,112.5,112.5,112.5,105.5,98.5,98.5,98.5,98.5,98.5,98.5,98.5,,,,,,,,,,,,,,,,,,,,,,,,,,,,,,,,,,,,,,,,,,,,,,,,,,,,,,,,,,,,,,,,,,,,,,,,,,,,,,,,,,,,,,,,,,,,,,,,,,,,,,,,,,,,,,,,,,,,,,,,,,,,,,,,,,,,,,,,,,,,,,,,,,,,,,,,,,,,,,,,,,,,,,,,,,,,,
Tropical Luxury Condo Private Jacuzzi DQ1302,1302,Stay Q,4.85,,,4.8,4.8,4.9,4.9,4.8,4.8,47,$93.00,$42.00,2,SI,20,30,31,106.5,106.5,111,116,116,124,132,132,132,132,132,132,-1,-1,132,132,132,132,132,132,132,132,132,132,132,165,198,204.5,204.5,-1,-1,-1,-1,-1,-1,-1,124,132,132,132,132,132,132,-1,-1,132,132,132,132,132,132,132,132,132,132,132,165,198,204.5,204.5,-1,-1,-1,-1,-1,-1,-1,,,,,,,,,,,,,,,,,,,,,,,,,,,,,,,,,,,,,,,,,,,,,,,,,,,,,,,,,,,,,,,,,,,,,,,,,,,,,,,,,,,,,,,,,,,,,,,,,,,,,,,,,,,,,,,,,,,,,,,,,,,,,,,,,,,,,,,,,,,,,,,,,,,,,,,,,,,,,,,,,,,,,,,,,,,,,
Luxury Apartment DQ 908 | Rooftop Pool Stunning Vw,908,Stay Q,4.85,,,4.8,5,5,5,4.8,4.9,20,$78.00,$40.00,1,NO,20,30,31,83.5,83.5,85,86.5,86.5,86.5,86.5,86.5,86.5,86.5,86.5,92.5,98.5,98.5,98.5,98.5,98.5,98.5,98.5,98.5,98.5,98.5,98.5,98.5,98.5,98.5,98.5,98.5,98.5,98.5,98.5,98.5,98.5,98.5,98.5,98.5,86.5,86.5,86.5,86.5,86.5,86.5,92.5,98.5,98.5,98.5,98.5,98.5,98.5,98.5,98.5,98.5,98.5,98.5,98.5,98.5,98.5,98.5,98.5,98.5,98.5,98.5,98.5,98.5,98.5,98.5,98.5,,,,,,,,,,,,,,,,,,,,,,,,,,,,,,,,,,,,,,,,,,,,,,,,,,,,,,,,,,,,,,,,,,,,,,,,,,,,,,,,,,,,,,,,,,,,,,,,,,,,,,,,,,,,,,,,,,,,,,,,,,,,,,,,,,,,,,,,,,,,,,,,,,,,,,,,,,,,,,,,,,,,,,,,,,,,,
Luxury Place Private Jacuzzi Dominique DQ1309,1309,Stay Q,4.81,,,4.9,4.9,5,4.7,4.7,4.8,37,$71.00,$40.00,1,SI,20,30,31,-1,-1,95.5,102.5,109.5,111,112.5,112.5,112.5,112.5,112.5,112.5,112.5,-1,-1,112.5,112.5,112.5,112.5,112.5,112.5,112.5,112.5,112.5,112.5,112.5,112.5,112.5,105.5,98.5,98.5,98.5,98.5,98.5,98.5,98.5,111,112.5,112.5,112.5,112.5,112.5,112.5,112.5,-1,-1,112.5,112.5,112.5,112.5,112.5,112.5,112.5,112.5,112.5,112.5,112.5,112.5,112.5,105.5,98.5,98.5,98.5,98.5,98.5,98.5,98.5,,,,,,,,,,,,,,,,,,,,,,,,,,,,,,,,,,,,,,,,,,,,,,,,,,,,,,,,,,,,,,,,,,,,,,,,,,,,,,,,,,,,,,,,,,,,,,,,,,,,,,,,,,,,,,,,,,,,,,,,,,,,,,,,,,,,,,,,,,,,,,,,,,,,,,,,,,,,,,,,,,,,,,,,,,,,,
Luxury Condo Private Jacuzzi Dominique DQ805,805,Stay Q,4.8,,,4.8,4.9,4.9,4.8,4.6,4.8,55,$115.00,$41.00,1,SI,9,4,8,112.5,112.5,112.5,112.5,-1,-1,-1,-1,-1,-1,-1,-1,-1,-1,-1,-1,-1,-0.5,-1,-1,-1,112.5,112.5,112.5,112.5,112.5,112.5,112.5,105.5,98.5,98.5,98.5,-1,-1,98.5,98.5,-1,-1,-1,-1,-1,-1,-1,-1,-1,-1,-1,-1,-0.5,-1,-1,-1,112.5,112.5,112.5,112.5,112.5,112.5,112.5,105.5,98.5,98.5,98.5,-1,-1,98.5,98.5,,,,,,,,,,,,,,,,,,,,,,,,,,,,,,,,,,,,,,,,,,,,,,,,,,,,,,,,,,,,,,,,,,,,,,,,,,,,,,,,,,,,,,,,,,,,,,,,,,,,,,,,,,,,,,,,,,,,,,,,,,,,,,,,,,,,,,,,,,,,,,,,,,,,,,,,,,,,,,,,,,,,,,,,,,,,,
Luxury Condo with Private Jacuzzi DQ802,802,Stay Q,4.75,,,4.6,4.8,4.8,4.8,4.6,4.8,52,$105.00,$40.00,2,SI,16,28,31,106.5,106.5,111,111,-1,132,132,132,132,132,132,-1,132,132,132,-1,-1,132,132,132,-1,132,132,132,132,165,198,204.5,211,211,211,211,211,211,-1,-1,132,132,132,132,132,132,-1,132,132,132,-1,-1,132,132,132,-1,132,132,132,132,165,198,204.5,211,211,211,211,211,211,-1,-1,,,,,,,,,,,,,,,,,,,,,,,,,,,,,,,,,,,,,,,,,,,,,,,,,,,,,,,,,,,,,,,,,,,,,,,,,,,,,,,,,,,,,,,,,,,,,,,,,,,,,,,,,,,,,,,,,,,,,,,,,,,,,,,,,,,,,,,,,,,,,,,,,,,,,,,,,,,,,,,,,,,,,,,,,,,,,
Luxury Lovely Condo Dominique By Stay Q DQ1303,1303,Stay Q,4.75,,,4.9,4.8,4.9,4.8,4.7,4.7,16,$77.00,$44.00,2,NO,20,30,31,97,97,-1,-1,-1,-1,-1,-1,-1,106,106,106,106,106,106,106,106,106,106,106,106,106,106,106,106,106,106,-1,-1,-1,176,176,176,176,176,176,-1,-1,-1,-1,106,106,106,106,106,106,106,106,106,106,106,106,106,106,106,106,106,106,-1,-1,-1,176,176,176,176,176,176,,,,,,,,,,,,,,,,,,,,,,,,,,,,,,,,,,,,,,,,,,,,,,,,,,,,,,,,,,,,,,,,,,,,,,,,,,,,,,,,,,,,,,,,,,,,,,,,,,,,,,,,,,,,,,,,,,,,,,,,,,,,,,,,,,,,,,,,,,,,,,,,,,,,,,,,,,,,,,,,,,,,,,,,,,,,,
Luxury Condo Private Jacuzzi Pools & Views DQ1402,1402,Stay Q,4.73,,,4.8,4.7,4.6,4.6,4.6,4.7,40,$105.00,$40.00,2,SI,10,20,31,93.5,93.5,97.5,101.5,101.5,103.5,-1,-0.5,-1,-1,-1,-1,-1,105,118.5,132,132,132,132,132,-1,-1,-1,-1,132,132,132,-1,-1,-1,-1,-1,211,211,211,211,103.5,-1,-0.5,-1,-1,-1,-1,-1,105,118.5,132,132,132,132,132,-1,-1,-1,-1,132,132,132,-1,-1,-1,-1,-1,211,211,211,211,,,,,,,,,,,,,,,,,,,,,,,,,,,,,,,,,,,,,,,,,,,,,,,,,,,,,,,,,,,,,,,,,,,,,,,,,,,,,,,,,,,,,,,,,,,,,,,,,,,,,,,,,,,,,,,,,,,,,,,,,,,,,,,,,,,,,,,,,,,,,,,,,,,,,,,,,,,,,,,,,,,,,,,,,,,,,
Luxury Charming Private Jacuzzi Dominique DQ511,511,Stay Q,4.73,,,4.7,5,5,4.7,4.7,4.9,11,$104.00,$41.00,1,SI,20,30,31,80,88,95.5,102.5,109.5,111,112.5,112.5,112.5,112.5,112.5,112.5,112.5,112.5,112.5,112.5,112.5,112.5,112.5,112.5,112.5,112.5,112.5,112.5,112.5,112.5,112.5,112.5,105.5,98.5,98.5,98.5,98.5,98.5,98.5,98.5,111,112.5,112.5,112.5,112.5,112.5,112.5,112.5,112.5,112.5,112.5,112.5,112.5,112.5,112.5,112.5,112.5,112.5,112.5,112.5,112.5,112.5,112.5,105.5,98.5,98.5,98.5,98.5,98.5,98.5,98.5,,,,,,,,,,,,,,,,,,,,,,,,,,,,,,,,,,,,,,,,,,,,,,,,,,,,,,,,,,,,,,,,,,,,,,,,,,,,,,,,,,,,,,,,,,,,,,,,,,,,,,,,,,,,,,,,,,,,,,,,,,,,,,,,,,,,,,,,,,,,,,,,,,,,,,,,,,,,,,,,,,,,,,,,,,,,,
Apartment with private jacuzzi Dominique DQ710,710,Stay Q,4.71,,,4.9,4.8,4.8,4.8,4.6,4.7,48,$109.00,$41.00,2,SI,10,19,31,106.5,106.5,106.5,-1,-1,132,132,132,132,132,-1,-1,132,132,132,132,132,-1,-1,132,132,132,132,-1,-1,-1,-1,-1,-1,-1,211,211,211,211,211,211,132,132,132,132,132,-1,-1,132,132,132,132,132,-1,-1,132,132,132,132,-1,-1,-1,-1,-1,-1,-1,211,211,211,211,211,211,,,,,,,,,,,,,,,,,,,,,,,,,,,,,,,,,,,,,,,,,,,,,,,,,,,,,,,,,,,,,,,,,,,,,,,,,,,,,,,,,,,,,,,,,,,,,,,,,,,,,,,,,,,,,,,,,,,,,,,,,,,,,,,,,,,,,,,,,,,,,,,,,,,,,,,,,,,,,,,,,,,,,,,,,,,,,
Premium 3 BRs w HotTub perfor Families,1010,Stay Q,4.71,,,4.9,4.7,4.7,4.6,4.6,4.6,14,$190.00,$40.00,3,SI,20,30,31,-1,-1,-1,-1,-1,148.5,148.5,148.5,148.5,148.5,148.5,148.5,-1,148.5,148.5,148.5,148.5,148.5,148.5,148.5,148.5,148.5,148.5,148.5,139,149,194,219,219,237,254.5,254.5,254.5,254.5,254.5,254.5,148.5,148.5,148.5,148.5,148.5,148.5,148.5,-1,148.5,148.5,148.5,148.5,148.5,148.5,148.5,148.5,148.5,148.5,148.5,139,149,194,219,219,237,254.5,254.5,254.5,254.5,254.5,254.5,,,,,,,,,,,,,,,,,,,,,,,,,,,,,,,,,,,,,,,,,,,,,,,,,,,,,,,,,,,,,,,,,,,,,,,,,,,,,,,,,,,,,,,,,,,,,,,,,,,,,,,,,,,,,,,,,,,,,,,,,,,,,,,,,,,,,,,,,,,,,,,,,,,,,,,,,,,,,,,,,,,,,,,,,,,,,
Fantastic Condo Private Jacuzzi Dominique DQ1307,1307,Stay Q,4.7,,,4.8,4.7,4.6,4.7,4.7,4.7,27,$71.00,$41.00,1,SI,17,30,31,-1,-1,-1,102.5,109.5,111,112.5,112.5,112.5,112.5,112.5,112.5,112.5,112.5,112.5,112.5,112.5,112.5,112.5,112.5,112.5,112.5,112.5,112.5,112.5,112.5,112.5,112.5,105.5,98.5,98.5,98.5,98.5,98.5,98.5,98.5,111,112.5,112.5,112.5,112.5,112.5,112.5,112.5,112.5,112.5,112.5,112.5,112.5,112.5,112.5,112.5,112.5,112.5,112.5,112.5,112.5,112.5,112.5,105.5,98.5,98.5,98.5,98.5,98.5,98.5,98.5,,,,,,,,,,,,,,,,,,,,,,,,,,,,,,,,,,,,,,,,,,,,,,,,,,,,,,,,,,,,,,,,,,,,,,,,,,,,,,,,,,,,,,,,,,,,,,,,,,,,,,,,,,,,,,,,,,,,,,,,,,,,,,,,,,,,,,,,,,,,,,,,,,,,,,,,,,,,,,,,,,,,,,,,,,,,,
Luxury Experience Private Jacuzzi Dominique DQ909,909,Stay Q,4.67,,,4.8,4.9,4.4,4.4,4.7,4.8,9,$71.00,$41.00,1,SI,20,28,31,80,88,95.5,102.5,109.5,111,112.5,112.5,112.5,112.5,112.5,112.5,112.5,112.5,112.5,112.5,112.5,112.5,112.5,112.5,112.5,112.5,112.5,112.5,112.5,112.5,112.5,112.5,105.5,98.5,98.5,98.5,98.5,98.5,98.5,98.5,111,112.5,112.5,112.5,112.5,112.5,112.5,112.5,112.5,112.5,112.5,112.5,112.5,112.5,112.5,112.5,112.5,112.5,112.5,112.5,112.5,112.5,112.5,105.5,98.5,98.5,98.5,98.5,98.5,98.5,98.5,,,,,,,,,,,,,,,,,,,,,,,,,,,,,,,,,,,,,,,,,,,,,,,,,,,,,,,,,,,,,,,,,,,,,,,,,,,,,,,,,,,,,,,,,,,,,,,,,,,,,,,,,,,,,,,,,,,,,,,,,,,,,,,,,,,,,,,,,,,,,,,,,,,,,,,,,,,,,,,,,,,,,,,,,,,,,
"Luxury Condo Private jacuzzi, Chic Dominique 402",402,Stay Q,4.64,,,4.7,4.7,4.6,4.6,4.8,4.9,14,$116.00,$40.00,2,SI,0,27,31,93.5,93.5,93.5,-1,-1,-1,-1,-1,105,105,105,118.5,132,132,132,132,132,132,132,132,132,132,132,132,132,165,198,204.5,211,211,211,211,211,211,211,-1,-1,-1,-1,105,105,105,118.5,132,132,132,132,132,132,132,132,132,132,132,132,132,165,198,204.5,211,211,211,211,211,211,211,-1,,,,,,,,,,,,,,,,,,,,,,,,,,,,,,,,,,,,,,,,,,,,,,,,,,,,,,,,,,,,,,,,,,,,,,,,,,,,,,,,,,,,,,,,,,,,,,,,,,,,,,,,,,,,,,,,,,,,,,,,,,,,,,,,,,,,,,,,,,,,,,,,,,,,,,,,,,,,,,,,,,,,,,,,,,,,,
Luxury Family Retreat w Priv Jacuzzi Dominique 401,401,Stay Q,4.63,,,4.6,4.4,4.6,4.4,4.9,4.6,8,$67.00,$39.00,2,SI,20,30,31,93,93,93,93,93,93,93,93,93,93,93,93,93,93,93,93,93,93,93,93,93,93,93,93,87.5,87.5,87.5,87.5,87.5,87.5,82,82,82,82,82,82,93,93,93,93,93,93,93,93,93,93,93,93,93,93,93,93,93,93,93,87.5,87.5,87.5,87.5,87.5,87.5,82,82,82,82,82,82,,,,,,,,,,,,,,,,,,,,,,,,,,,,,,,,,,,,,,,,,,,,,,,,,,,,,,,,,,,,,,,,,,,,,,,,,,,,,,,,,,,,,,,,,,,,,,,,,,,,,,,,,,,,,,,,,,,,,,,,,,,,,,,,,,,,,,,,,,,,,,,,,,,,,,,,,,,,,,,,,,,,,,,,,,,,,
Confortable Apartment / Private Jacuzzi DQ 411,411,Stay Q,4.61,,,4.8,4.9,4.8,4.4,4.7,5,18,$91.00,$40.00,1,SI,17,30,31,80,88,95.5,95.5,-1,-1,-1,112.5,112.5,112.5,112.5,112.5,112.5,112.5,112.5,112.5,112.5,112.5,112.5,112.5,112.5,112.5,112.5,112.5,112.5,112.5,112.5,112.5,105.5,98.5,98.5,98.5,98.5,98.5,98.5,98.5,-1,-1,112.5,112.5,112.5,112.5,112.5,112.5,112.5,112.5,112.5,112.5,112.5,112.5,112.5,112.5,112.5,112.5,112.5,112.5,112.5,112.5,112.5,105.5,98.5,98.5,98.5,98.5,98.5,98.5,98.5,,,,,,,,,,,,,,,,,,,,,,,,,,,,,,,,,,,,,,,,,,,,,,,,,,,,,,,,,,,,,,,,,,,,,,,,,,,,,,,,,,,,,,,,,,,,,,,,,,,,,,,,,,,,,,,,,,,,,,,,,,,,,,,,,,,,,,,,,,,,,,,,,,,,,,,,,,,,,,,,,,,,,,,,,,,,,
Luxury Condo & private jacuzzi Dominique DQ810,810,Stay Q,4.6,,,4.4,4.7,4.7,4.8,4.3,4.4,15,$93.00,$41.00,2,NO,20,30,31,100,100,94,94.5,101.5,101.5,-0.5,-1,-1,-1,-1,-1,-1,-1,-1,-1,-1,-1,-1,-1,-1,-1,-1,-1,-1,-1,-1,-1,-1,-1,-1,-1,-1,-1,211,211,101.5,-0.5,-1,-1,-1,-1,-1,-1,-1,-1,-1,-1,-1,-1,-1,-1,-1,-1,-1,-1,-1,-1,-1,-1,-1,-1,-1,-1,-1,211,211,,,,,,,,,,,,,,,,,,,,,,,,,,,,,,,,,,,,,,,,,,,,,,,,,,,,,,,,,,,,,,,,,,,,,,,,,,,,,,,,,,,,,,,,,,,,,,,,,,,,,,,,,,,,,,,,,,,,,,,,,,,,,,,,,,,,,,,,,,,,,,,,,,,,,,,,,,,,,,,,,,,,,,,,,,,,,
Luxury apartment private jacuzzi Dominique DQ1305,1305,Stay Q,4.25,,,5,5,4.8,4.2,5,4.5,4,$76.00,$40.00,1,SI,19,30,31,112.5,112.5,112.5,112.5,112.5,112.5,-1,-1,-1,-1,-1,-1,-1,-1,-1,-1,-1,-1,-1,-1,-1,-1,-1,-1,-1,-1,112.5,112.5,105.5,98.5,98.5,98.5,98.5,98.5,98.5,98.5,112.5,-1,-1,-1,-1,-1,-1,-1,-1,-1,-1,-1,-1,-1,-1,-1,-1,-1,-1,-1,-1,112.5,112.5,105.5,98.5,98.5,98.5,98.5,98.5,98.5,98.5,,,,,,,,,,,,,,,,,,,,,,,,,,,,,,,,,,,,,,,,,,,,,,,,,,,,,,,,,,,,,,,,,,,,,,,,,,,,,,,,,,,,,,,,,,,,,,,,,,,,,,,,,,,,,,,,,,,,,,,,,,,,,,,,,,,,,,,,,,,,,,,,,,,,,,,,,,,,,,,,,,,,,,,,,,,,,
DQ505 Nuevo hermoso jacuzzi priv,505,Ximena,4.94,,,4.9,4.9,4.9,4.9,4.8,4.9,65,$68.00,$39.00,1,SI,19,30,31,-1,79,79,79,79,84,-0.5,-0.5,-0.5,-0.5,-0.5,-0.5,-0.5,-0.5,-0.5,-0.5,-0.5,-0.5,-0.5,-0.5,-0.5,-0.5,-0.5,-0.5,-0.5,-0.5,-0.5,-0.5,102.5,102.5,102.5,105,107.5,107.5,105,102.5,84,-0.5,-0.5,-0.5,-0.5,-0.5,-0.5,-0.5,-0.5,-0.5,-0.5,-0.5,-0.5,-0.5,-0.5,-0.5,-0.5,-0.5,-0.5,-0.5,-0.5,-0.5,-0.5,102.5,102.5,102.5,105,107.5,107.5,105,102.5,,,,,,,,,,,,,,,,,,,,,,,,,,,,,,,,,,,,,,,,,,,,,,,,,,,,,,,,,,,,,,,,,,,,,,,,,,,,,,,,,,,,,,,,,,,,,,,,,,,,,,,,,,,,,,,,,,,,,,,,,,,,,,,,,,,,,,,,,,,,,,,,,,,,,,,,,,,,,,,,,,,,,,,,,,,,,
DQ1411 Nvo Amazing view Relaxation,,Ximena,4.78,,,4.9,4.8,4.9,4.9,4.7,4.8,68,$88.00,$39.00,1,SI,16,30,31,74.5,74.5,74.5,-1,-1,-1,-1,84.5,84.5,84.5,87,89.5,89.5,87,87,87,87,87,87,87,87,87,87,87,87,87,87,87,102.5,102.5,102.5,105,107.5,107.5,105,102.5,-1,-1,84.5,84.5,84.5,87,89.5,89.5,87,87,87,87,87,87,87,87,87,87,87,87,87,87,87,102.5,102.5,102.5,105,107.5,107.5,105,102.5,,,,,,,,,,,,,,,,,,,,,,,,,,,,,,,,,,,,,,,,,,,,,,,,,,,,,,,,,,,,,,,,,,,,,,,,,,,,,,,,,,,,,,,,,,,,,,,,,,,,,,,,,,,,,,,,,,,,,,,,,,,,,,,,,,,,,,,,,,,,,,,,,,,,,,,,,,,,,,,,,,,,,,,,,,,,,
DQ1102 Beautiful Apt Jacuzzi-priv 10min-Centro,1102,Ximena,4.78,,,4.8,4.8,4.8,4.8,4.7,4.8,59,$96.00,$38.00,2,SI,16,18,31,95,95,96.5,100,103.5,111,116,113,113,113,116,119,119,116,113,113,113,116,119,119,116,113,113,115.5,129,140,140,134.5,134.5,-1,-1,-1,-1,-1,-1,129,111,116,113,113,113,116,119,119,116,113,113,113,116,119,119,116,113,113,115.5,129,140,140,134.5,134.5,-1,-1,-1,-1,-1,-1,129,,,,,,,,,,,,,,,,,,,,,,,,,,,,,,,,,,,,,,,,,,,,,,,,,,,,,,,,,,,,,,,,,,,,,,,,,,,,,,,,,,,,,,,,,,,,,,,,,,,,,,,,,,,,,,,,,,,,,,,,,,,,,,,,,,,,,,,,,,,,,,,,,,,,,,,,,,,,,,,,,,,,,,,,,,,,,
DQ1301 Espectacular jacuzzi único vista relax,1301,Ximena,4.65,,,4.7,4.7,4.7,4.7,4.7,4.6,31,$100.00,$38.00,2,SI,16,25,28,98,98,-1,-1,-1,121,121,118,118,118,121,124,124,121,118,118,118,121,124,124,121,118,118,118,129,129,-1,-1,-1,-1,-1,140,140,140,134.5,129,121,121,118,118,118,121,124,124,121,118,118,118,121,124,124,121,118,118,118,129,129,-1,-1,-1,-1,-1,140,140,140,134.5,129,,,,,,,,,,,,,,,,,,,,,,,,,,,,,,,,,,,,,,,,,,,,,,,,,,,,,,,,,,,,,,,,,,,,,,,,,,,,,,,,,,,,,,,,,,,,,,,,,,,,,,,,,,,,,,,,,,,,,,,,,,,,,,,,,,,,,,,,,,,,,,,,,,,,,,,,,,,,,,,,,,,,,,,,,,,,,
Luxury Cartagena dominique 1210,1210,Zenya Host,4.96,,,4.9,4.9,5,5,4.9,4.9,45,$108.00,$36.00,2,SI,17,25,17,-1,-1,111,122.5,131.5,133,130.5,131.5,137.5,141,143.5,146,146,191,191,190,190,216.5,216.5,-1,-1,-1,-1,-1,-1,-1,256,256,242,242,230,230,250.5,250.5,242.5,242.5,133,130.5,131.5,137.5,141,143.5,146,146,191,191,190,190,216.5,216.5,-1,-1,-1,-1,-1,-1,-1,256,256,242,242,230,230,250.5,250.5,242.5,242.5,,,,,,,,,,,,,,,,,,,,,,,,,,,,,,,,,,,,,,,,,,,,,,,,,,,,,,,,,,,,,,,,,,,,,,,,,,,,,,,,,,,,,,,,,,,,,,,,,,,,,,,,,,,,,,,,,,,,,,,,,,,,,,,,,,,,,,,,,,,,,,,,,,,,,,,,,,,,,,,,,,,,,,,,,,,,,
Luxury Cartagena dominique 1209,1209,Zenya Host,4.94,,,4.9,4.9,4.9,5,4.6,4.8,54,$96.00,$36.41,1,SI,13,26,31,94.5,87,91,94.5,95.5,95.5,94.5,94.5,97.5,101,104,105,105,136,136,134,134,147,147,154.5,154.5,134.5,134.5,147,147,165.5,165.5,168.5,168.5,163.5,163.5,169.5,169.5,178,178,161.5,95.5,94.5,94.5,97.5,101,104,105,105,136,136,134,134,147,147,154.5,154.5,134.5,134.5,147,147,165.5,165.5,168.5,168.5,163.5,163.5,169.5,169.5,178,178,161.5,,,,,,,,,,,,,,,,,,,,,,,,,,,,,,,,,,,,,,,,,,,,,,,,,,,,,,,,,,,,,,,,,,,,,,,,,,,,,,,,,,,,,,,,,,,,,,,,,,,,,,,,,,,,,,,,,,,,,,,,,,,,,,,,,,,,,,,,,,,,,,,,,,,,,,,,,,,,,,,,,,,,,,,,,,,,,
Luxury cartagena dominique 705,705,Zenya Host,4.94,,,5,5,4.9,4.9,4.7,4.9,36,$89.32,$36.32,1,SI,14,30,31,-1,77,78.5,84,91,92,90.5,89,93,97.5,100.5,101.5,101.5,129,129,127,127,142,142,149,149,129.5,129.5,142,142,142,-1,-1,-1,-1,-1,-1,-1,-1,-1,-1,92,90.5,89,93,97.5,100.5,101.5,101.5,129,129,127,127,142,142,149,149,129.5,129.5,142,142,142,-1,-1,-1,-1,-1,-1,-1,-1,-1,-1,,,,,,,,,,,,,,,,,,,,,,,,,,,,,,,,,,,,,,,,,,,,,,,,,,,,,,,,,,,,,,,,,,,,,,,,,,,,,,,,,,,,,,,,,,,,,,,,,,,,,,,,,,,,,,,,,,,,,,,,,,,,,,,,,,,,,,,,,,,,,,,,,,,,,,,,,,,,,,,,,,,,,,,,,,,,,
Luxury Cartagena Dominique 1004,,Zenya Host,4.93,,,4.8,5,5,4.9,4.8,4.7,30,$116.42,$36.35,2,SI,10,30,31,-1,92,100.5,112,120,121,119,120,125,125,-1,-1,-1,-1,171,171,183.5,183.5,210.5,210.5,-1,-1,-1,-1,-1,-1,232,232,219.5,219.5,208.5,208.5,227,227,219.5,219.5,121,119,120,125,125,-1,-1,-1,-1,171,171,183.5,183.5,210.5,210.5,-1,-1,-1,-1,-1,-1,232,232,219.5,219.5,208.5,208.5,227,227,219.5,219.5,,,,,,,,,,,,,,,,,,,,,,,,,,,,,,,,,,,,,,,,,,,,,,,,,,,,,,,,,,,,,,,,,,,,,,,,,,,,,,,,,,,,,,,,,,,,,,,,,,,,,,,,,,,,,,,,,,,,,,,,,,,,,,,,,,,,,,,,,,,,,,,,,,,,,,,,,,,,,,,,,,,,,,,,,,,,,
luxury Cartagena Dominique 807,807,Zenya Host,4.93,,,4.9,4.9,4.9,5,4.8,4.9,15,$97.00,$36.00,1,SI,14,30,31,75,78,85,95,103.5,104,102.5,101,105.5,111,111,-1,-1,-1,-1,-1,145.5,145.5,166.5,166.5,152,152,146,146,166.5,166.5,178,178,175,175,172,172,186,186,178.5,178.5,104,102.5,101,105.5,111,111,-1,-1,-1,-1,-1,145.5,145.5,166.5,166.5,152,152,146,146,166.5,166.5,178,178,175,175,172,172,186,186,178.5,178.5,,,,,,,,,,,,,,,,,,,,,,,,,,,,,,,,,,,,,,,,,,,,,,,,,,,,,,,,,,,,,,,,,,,,,,,,,,,,,,,,,,,,,,,,,,,,,,,,,,,,,,,,,,,,,,,,,,,,,,,,,,,,,,,,,,,,,,,,,,,,,,,,,,,,,,,,,,,,,,,,,,,,,,,,,,,,,
Ocean Breeze Luxury » 2BRs Cartagena | Stun Views,903,Stay Q,5,,,5,5,5,5,5,5,2,$74.00,$37.00,2,NO,9,27,31,84,84,-1,-1,-1,97,97,87,77,77,-1,-1,92,92,92,92,92,92,92,92,92,92,-1,-1,-1,91,91,105,105,105,105,105,105,105,105,105,97,97,87,77,77,-1,-1,92,92,92,92,92,92,92,92,92,92,-1,-1,-1,91,91,105,105,105,105,105,105,105,105,105,,,,,,,,,,,,,,,,,,,,,,,,,,,,,,,,,,,,,,,,,,,,,,,,,,,,,,,,,,,,,,,,,,,,,,,,,,,,,,,,,,,,,,,,,,,,,,,,,,,,,,,,,,,,,,,,,,,,,,,,,,,,,,,,,,,,,,,,,,,,,,,,,,,,,,,,,,,,,,,,,,,,,,,,,,,,,