Name,Host,Base fee,Cleaning fee,URL,ID,latitude,longitude,Property type,Person capacity,accuracy_rating,checking_rating,cleanliness_rating,communication_rating,location_rating,value_rating,satisfaction_rating,Reviews,Bedrooms,Beds,Baths,City skyline view,Beach view,Sea/Lake view,Hot water,Jacuzzi,Shared pool,Shared gym,Patio or balcony,Outdoor furniture,Outdoor playground,Elevator,Carport,Dedicated workspace,AC,Heating,TV,Cable TV,Wifi,Laundry service,Kitchen,Dining table,Microwave,Dishes and silverware,Refrigerator,Stove,Coffee maker,Washer,Dryer,Sun loungers,Pets allowed,Babysitter recommendations,Crib,Room-darkening shades,Window guards,Security cameras,Lock on door,Keypad,Fire extinguisher,First aid kit,Smoke detector,Luggage dropoff,Self check-in
14th Floor/Jacuzzi balcony/SeaViews/Parking/King,Alejandra,95.0,38.0,https://www.airbnb.ca/rooms/1282890977555839180?source_impression_id=p3_1749176213_P3vrFErWR8IljIPs,1282890977555839180,10.4564,-75.50541,Entire serviced apartment,5.0,5.0,5.0,4.87,5.0,4.8,5.0,5.0,15.0,2.0,2.0,2.0,True,True,True,True,True,True,True,True,True,True,True,True,True,True,True,True,True,True,True,True,True,False,True,True,True,False,True,False,True,True,True,False,True,False,True,False,False,True,True,True,True,True
2 BR Modern APT jacuzzi / Rooftop near to beach,Alberto,100.0,35.0,https://www.airbnb.com/rooms/1255908021842197930?source_impression_id=p3_1748812420_P38UO8E04IxDbUEy,1255908021842197930,10.4565488836489,-75.5052650347352,Entire rental unit,6.0,5.0,4.75,5.0,5.0,5.0,5.0,5.0,4.0,2.0,2.0,2.0,False,False,False,False,True,True,True,False,False,False,True,True,True,True,False,True,False,True,False,True,False,False,False,False,False,False,True,False,False,True,False,False,False,False,False,False,False,False,False,False,False,False
Piso 12/ Jacuzzi/ Vistas/ 1BR/Parqueadero/Piscinas,Alejandra,67.0,36.0,https://www.airbnb.mx/rooms/1364376551860961934?_set_bev_on_new_domain=1748814600_EAMmI0NTk3YTlmOT&source_impression_id=p3_1748814921_P3_bXQzzb5AxAyQj,1364376551860961934,10.456523474307852,-75.50536058843136,Entire serviced apartment,4.0,4.77,4.92,4.92,4.92,4.85,4.92,4.85,13.0,1.0,1.0,2.0,False,True,True,True,True,True,True,True,True,True,True,True,True,True,True,True,True,True,True,True,True,True,True,True,False,True,True,False,True,True,False,True,True,False,True,False,False,False,True,True,True,True
Piso 14/ Jacuzzi/ Vistas/ 2BR/Parqueadero/Piscinas,Alejandra,89.0,36.0,https://www.airbnb.mx/rooms/1279218191310817247?source_impression_id=p3_1748818384_P3JZPSCxA46qjsIA,1279218191310817247,10.4563981,-75.50540629999999,Entire serviced apartment,5.0,4.86,4.95,4.95,5.0,4.9,4.76,4.9,21.0,2.0,2.0,2.0,True,True,True,True,True,True,True,True,True,True,True,True,True,True,True,True,True,True,True,True,False,True,True,True,True,True,True,True,True,True,True,False,True,False,True,False,False,True,True,True,True,True
Luxury /Jacuzzi/ Decoration/ Caribbean/ Pools/,Alejandra,81.0,36.0,https://www.airbnb.mx/rooms/1259780256818112667?source_impression_id=p3_1748818765_P3I9tk88YTBMAxP6,1259780256818112667,10.4563981,-75.50540629999999,Entire serviced apartment,4.0,4.77,4.91,4.77,4.91,4.77,4.82,4.86,22.0,1.0,1.0,2.0,True,True,True,True,True,True,True,True,True,True,True,True,True,True,True,True,True,True,True,True,True,True,True,True,True,True,True,True,True,True,True,False,True,False,True,False,False,True,True,True,True,True
14th Floor/Hot water Jacuzzi/ Views/ Parking,Alejandra,102.0,36.0,https://www.airbnb.com.au/rooms/1316158964673335895?source_impression_id=p3_1748818826_P3pIeBdYc8sq1ZUH,1316158964673335895,10.4563981,-75.50540629999999,Entire serviced apartment,6.0,4.83,4.92,4.83,4.92,4.58,4.67,4.67,12.0,2.0,2.0,2.0,False,True,True,True,True,True,True,True,True,True,True,True,True,True,True,True,True,True,True,True,False,True,True,True,True,True,True,False,True,True,True,False,True,False,True,True,False,True,True,True,True,True
Apartamento VIP Cartagena con jacuzzi privado,Alejandro,125.0,31.0,https://www.airbnb.mx/rooms/725951699224906993?source_impression_id=p3_1748818875_P3jHSVSk8-GLjVsJ,725951699224906993,10.45619,-75.5064,Entire serviced apartment,4.0,4.94,4.97,4.94,4.99,4.72,4.89,4.94,72.0,1.0,1.0,2.0,False,True,False,True,True,True,False,True,True,False,True,True,True,True,False,True,False,True,False,True,False,True,True,True,True,True,True,True,False,False,False,False,True,False,False,True,False,False,True,False,True,True
"13th floor, apartment with Jacuzzi",Andres,87.0,19.0,https://www.airbnb.mx/rooms/1254303583045546955?_set_bev_on_new_domain=1748814600_EAMmI0NTk3YTlmOT&source_impression_id=p3_1748818930_P3fVS9QoXbqWKPtB,1254303583045546955,10.4568198,-75.5055963,Entire serviced apartment,4.0,4.96,4.92,4.92,5.0,4.88,4.92,4.88,24.0,1.0,1.0,2.0,False,True,True,True,True,True,True,True,True,True,True,True,False,True,True,True,True,True,True,True,True,False,True,True,True,True,True,False,True,True,False,False,True,False,True,False,False,True,True,True,False,True
Piso 8 con Jacuzzi Privado y Vistas Increíbles,Carlos,77.0,44.0,https://es-l.airbnb.com/rooms/1315344706047362032?source_impression_id=p3_1748818983_P3Sw4e2Np9l7Jfcc,1315344706047362032,10.455888833698983,-75.50577084202456,Entire serviced apartment,4.0,5.0,5.0,5.0,5.0,5.0,5.0,5.0,2.0,1.0,1.0,2.0,False,False,False,False,False,True,False,False,True,False,False,True,True,True,False,True,False,True,False,True,False,True,True,True,True,True,True,False,False,False,False,False,False,False,False,False,False,True,True,False,False,True
Relax y Confort | Apartamento con Jacuzzi Privado,Carlos,81.0,46.0,https://www.airbnb.mx/rooms/1338690952348756006?source_impression_id=p3_1748819028_P3A10kEfIN5c2v6w,1338690952348756006,10.4563981,-75.50540629999999,Entire rental unit,4.0,5.0,5.0,5.0,5.0,5.0,5.0,5.0,4.0,2.0,2.0,2.0,False,False,True,True,True,True,False,True,True,True,True,True,True,True,False,True,True,True,True,True,True,True,True,False,True,True,True,False,True,True,False,True,True,False,False,False,False,True,True,False,True,False
09Jacuzzi&Beachfront Bliss 14th Floor Near Airport,Carlos,108.0,41.0,https://www.airbnb.mx/rooms/986342579444462399?_set_bev_on_new_domain=1748814600_EAMmI0NTk3YTlmOT&source_impression_id=p3_1748819060_P3-nRIJLus48PeQT,986342579444462399,10.4566932,-75.50548789999999,Entire serviced apartment,4.0,4.8,4.96,4.92,4.92,4.64,4.76,4.88,25.0,1.0,1.0,2.0,True,True,True,True,True,True,True,True,True,True,True,True,True,True,False,True,False,True,False,True,True,True,True,True,True,True,True,True,True,True,False,False,True,False,False,True,False,True,False,False,False,True
Luxury Apartment with a Private Jacuzzi -DMQ507,Carlos,76.0,35.0,https://www.airbnb.mx/rooms/994392265836559354?_set_bev_on_new_domain=1748814600_EAMmI0NTk3YTlmOT&source_impression_id=p3_1748822633_P3WDcDob69CvMp2N,994392265836559354,10.45687,-75.5041,Entire rental unit,4.0,4.8,5.0,5.0,5.0,4.9,4.6,4.8,10.0,1.0,1.0,2.0,False,True,True,True,True,True,True,False,True,False,True,True,False,True,True,True,True,True,False,True,False,True,True,True,True,True,False,False,True,True,False,False,True,False,False,True,False,True,True,False,False,True
Luxury and Relaxation Apartment with Jacuzzi,Carlos,95.0,46.0,https://www.airbnb.mx/rooms/1170314793845437727?_set_bev_on_new_domain=1748814600_EAMmI0NTk3YTlmOT&source_impression_id=p3_1748822628_P3syx2tGL-7i7Ey6,1170314793845437727,10.45657822767178,-75.50569988787174,Entire serviced apartment,5.0,5.0,4.86,4.86,5.0,4.71,4.86,4.86,7.0,2.0,2.0,2.0,True,True,True,True,True,True,True,True,True,True,True,True,True,True,False,True,True,True,True,True,True,True,True,True,True,True,True,False,True,True,False,False,True,False,True,True,False,True,True,True,True,True
Private jacuzzi | Colonial experience |Walled city,Carlos,147.0,46.0,https://www.airbnb.mx/rooms/1144449787453177593?_set_bev_on_new_domain=1748814600_EAMmI0NTk3YTlmOT&source_impression_id=p3_1748817550_P3L-Wr9bxOKUEpbE,1144449787453177593,10.45688,-75.5049,Entire serviced apartment,5.0,5.0,5.0,5.0,5.0,5.0,5.0,4.67,3.0,2.0,2.0,2.0,False,False,False,True,True,True,True,False,True,False,False,True,True,True,False,True,False,True,False,True,True,True,True,False,True,True,True,True,True,False,False,False,True,False,False,True,False,True,True,True,False,True
Apartamento a 5 minutos del centro histórico,Daniel,76.46,4.85,https://www.airbnb.mx/rooms/50637762?source_impression_id=p3_1748822716_P3K1Ns89wFMhrrLg,50637762,10.43053,-75.52993,Entire serviced apartment,6.0,4.78,4.85,4.8,4.85,4.34,4.73,4.77,116.0,3.0,3.0,1.0,False,False,False,False,False,False,False,True,False,False,True,False,True,True,False,True,False,True,False,True,True,True,True,True,True,False,True,False,False,False,False,False,True,False,False,False,False,False,False,True,True,True
Galicia Cartagena de Indias,Daniela Top Location,121.0,0.0,https://www.airbnb.mx/rooms/1370475063168875041?source_impression_id=p3_1748822840_P3olEkMPoJq-NGuM,1370475063168875041,10.455495327774884,-75.5062636382768,Entire rental unit,6.0,5.0,5.0,5.0,5.0,5.0,5.0,5.0,1.0,2.0,2.0,2.0,False,False,False,True,False,True,True,False,False,False,False,True,False,True,False,True,True,True,False,True,False,True,True,True,True,True,True,False,False,True,False,False,True,False,True,False,False,False,False,False,False,False
Luxury Loft private jacuzzy & sea view,David,126.0,40.0,https://www.airbnb.mx/rooms/1279264133273765767?source_impression_id=p3_1748822972_P3GMSxGHx67PV9IK,1279264133273765767,10.435247029154628,-75.53772378712893,Entire loft,6.0,5.0,5.0,5.0,5.0,5.0,5.0,5.0,15.0,2.0,2.0,5.0,False,True,False,True,True,False,False,False,False,False,False,False,True,True,False,True,False,True,False,True,False,False,False,True,False,True,True,False,False,True,False,False,True,False,True,False,False,True,True,True,False,False
Dominique 1008,Enrique,56.68,45.0,https://www.airbnb.mx/rooms/1315898353576844455?source_impression_id=p3_1748823034_P3SBFtHkcFgWHNK_,1315898353576844455,10.45674,-75.50571,Entire rental unit,4.0,5.0,5.0,4.83,5.0,4.83,4.92,4.92,12.0,1.0,1.0,2.0,False,False,False,True,False,False,False,False,False,False,True,True,True,True,False,True,False,True,False,True,False,False,False,False,False,False,True,False,True,False,False,False,False,False,True,False,False,False,False,False,False,False
Hermoso apartamento en Cartagena Apt 508,Fredy,62.0,30.0,https://es-l.airbnb.com/rooms/1038158992459515932?source_impression_id=p3_1748823068_P3hjGAXEcES9LV_a,1038158992459515932,10.45678,-75.50619,Entire rental unit,4.0,4.94,4.86,4.91,4.94,4.83,4.91,4.89,35.0,1.0,1.0,5.0,False,True,False,True,True,True,False,False,False,False,False,False,False,True,True,True,False,True,False,True,False,False,True,False,False,False,True,True,False,True,False,False,True,False,False,False,False,False,False,False,False,True
408 - Hermoso Apartamento en Cartagena,Fredy,65.0,32.0,https://www.airbnb.com.bz/rooms/1060659586771911271?source_impression_id=p3_1748823111_P33-mMGJ7nnhohEq,1060659586771911271,10.45762,-75.50438,Entire rental unit,4.0,4.8,4.68,4.88,4.8,4.8,4.84,4.84,25.0,1.0,1.0,2.0,False,True,False,False,True,True,True,False,False,False,False,True,False,True,False,True,False,True,False,True,False,False,False,False,False,False,True,False,True,True,False,False,True,False,False,False,False,False,False,True,False,True
Jacuzzi with Oceanview Bliss - 11th Floor Getaway,Gino,82.12,36.32,https://www.airbnb.mx/rooms/995879788500033068?_set_bev_on_new_domain=1748814600_EAMmI0NTk3YTlmOT&source_impression_id=p3_1748823166_P3mvMLfTSV0bGkA3,995879788500033068,10.456751653465355,-75.50563517957926,Entire serviced apartment,4.0,4.96,4.94,4.98,4.86,4.8,4.92,4.9,49.0,1.0,1.0,2.0,False,True,True,True,True,True,True,True,True,False,True,True,True,True,True,True,True,True,False,True,True,True,True,True,True,True,True,True,True,True,False,False,True,False,False,True,False,False,False,True,False,True
1BR Modern APT w/Rooftop Pool near to beach,Grupo Vita,72.0,39.0,https://www.airbnb.mx/rooms/1082092672297397383?_set_bev_on_new_domain=1748814600_EAMmI0NTk3YTlmOT&source_impression_id=p3_1748823424_P31Icb9A8jKgy6Et,1082092672297397383,10.45843,-75.50582,Entire rental unit,4.0,4.88,4.75,4.69,4.78,4.69,4.66,4.81,32.0,1.0,1.0,2.0,False,False,False,True,True,True,True,False,True,False,True,True,True,True,True,True,False,True,False,True,False,True,True,True,True,True,True,True,False,True,False,True,True,False,False,False,False,False,False,True,False,True
DM406-Apartamento con jacuzzi -Camina a Playa Azul,HostPro,90.0,19.0,https://www.airbnb.mx/rooms/1117493870268287084?_set_bev_on_new_domain=1748814600_EAMmI0NTk3YTlmOT&source_impression_id=p3_1748823574_P3DrhQE9UWNgjp3I,1117493870268287084,10.4563882,-75.5054112,Entire rental unit,6.0,4.76,4.85,4.88,4.85,4.45,4.73,4.79,33.0,2.0,2.0,2.0,False,True,False,True,True,True,True,True,True,True,True,True,False,True,False,True,False,True,False,True,False,True,True,True,True,True,True,True,False,False,False,False,True,False,True,False,False,False,False,False,True,True
New & Comfortable Apartment In Cielo Mar,Huespedia,75.0,20.0,https://www.airbnb.mx/rooms/1331317275345198410?_set_bev_on_new_domain=1748814600_EAMmI0NTk3YTlmOT&source_impression_id=p3_1748823635_P3pjlFqjRWo1IvQU,1331317275345198410,10.4563981,-75.50540629999999,Entire rental unit,5.0,5.0,5.0,5.0,5.0,5.0,5.0,5.0,10.0,2.0,2.0,2.0,False,False,False,False,False,True,True,True,False,False,True,True,False,True,False,True,False,True,False,True,False,True,False,True,True,True,True,True,False,False,False,False,False,False,False,False,False,False,False,False,False,True
New & Luxury Apartment 2 BR In Cielo Mar,Huespedia,85.0,20.0,https://www.airbnb.ie/rooms/1345885220314300035?source_impression_id=p3_1748823673_P3hMxg8-noaNFTVw,1345885220314300035,10.4563981,-75.50540629999999,Entire rental unit,5.0,5.0,4.5,5.0,5.0,5.0,5.0,5.0,2.0,2.0,2.0,2.0,False,False,False,True,False,True,True,True,False,False,True,True,False,True,False,True,False,True,False,True,False,True,False,True,True,True,True,False,False,False,False,False,False,False,False,False,False,False,False,False,False,True
Espectacular Apto con Jacuzzi,Jhonier Y Cinthya,85.0,29.0,https://www.airbnb.mx/rooms/1252955190460839164?source_impression_id=p3_1748823719_P3vf0zCsZCd7UBiP,1252955190460839164,10.4563981,-75.50540629999999,Entire rental unit,4.0,4.71,4.71,5.0,4.86,4.71,4.71,5.0,7.0,2.0,2.0,2.0,False,True,False,True,True,True,True,True,True,False,True,True,True,True,False,True,False,True,False,True,False,True,True,True,True,True,True,True,False,False,False,False,True,False,False,True,False,False,False,False,True,True
Exclusivo apartamento para descanso Cartagena,Jorge,61.0,12.0,https://www.airbnb.mx/rooms/807287853103474314?_set_bev_on_new_domain=1748814600_EAMmI0NTk3YTlmOT&source_impression_id=p3_1748823752_P3vIZfakTODutqBw,807287853103474314,10.456600306723448,-75.50526570528746,Entire rental unit,3.0,4.91,4.91,4.92,4.82,4.83,4.88,4.88,66.0,1.0,1.0,2.0,True,True,True,True,True,True,True,False,True,True,True,True,True,True,True,True,True,True,False,True,False,False,True,True,False,True,True,False,False,False,False,False,True,False,True,False,False,True,True,True,False,True
Apartamento con jacuzzi privado en Cielo Mar,Juan Daniel,71.0,35.0,https://www.airbnb.mx/rooms/1003680480548024835?source_impression_id=p3_1748823922_P3iqXW5wN5vtHcwf,1003680480548024835,10.4557,-75.5062,Entire rental unit,4.0,4.94,4.93,4.96,4.98,4.85,4.94,4.95,81.0,1.0,1.0,2.0,False,True,True,True,True,True,True,False,True,True,True,True,True,True,False,True,False,True,True,True,True,True,True,True,True,True,True,True,False,True,False,True,True,False,False,True,False,False,False,True,True,True
Cartagena 2 Bedroom Apartment with Jacuzzi,Julio Armando,98.0,17.0,https://www.airbnb.mx/rooms/1101521186410665163?source_impression_id=p3_1748823971_P3c9g-qfCJnaHCZj,1101521186410665163,10.45647,-75.50566,Entire rental unit,6.0,4.95,4.9,4.9,4.9,4.86,5.0,4.95,21.0,2.0,2.0,2.0,True,True,True,False,True,True,True,True,True,True,True,True,True,True,False,True,True,True,False,True,True,True,True,True,True,True,True,True,True,False,False,False,True,False,False,True,False,True,True,True,True,True
"Moderno,Cerca a la playa, Jacuzzi privado.",Lale,99.0,50.0,https://es-l.airbnb.com/rooms/1126871837482680826?source_impression_id=p3_1748824047_P3o5Qeh5oTUYexak,1126871837482680826,10.456388311395331,-75.50541121512651,Entire condo,6.0,4.86,4.79,4.86,4.9,4.69,4.86,4.9,29.0,2.0,2.0,2.0,True,True,True,True,True,True,True,True,True,False,True,True,True,True,True,True,True,True,False,True,False,True,True,True,True,True,True,True,True,True,False,False,True,False,False,True,False,True,True,False,True,True
"Impresionante vista, mar, dominique 2suites",Living Over,86.0,22.0,https://www.airbnb.mx/rooms/911113843317991706?_set_bev_on_new_domain=1748814600_EAMmI0NTk3YTlmOT&source_impression_id=p3_1748824094_P3zF9oX3hqfI7dIH,911113843317991706,10.45687,-75.50647,Entire serviced apartment,6.0,4.87,4.83,4.91,4.81,4.68,4.83,4.85,47.0,2.0,2.0,2.0,False,True,True,True,True,True,True,True,True,True,True,True,True,False,True,True,False,True,True,True,True,True,True,True,True,True,True,True,True,True,True,True,True,False,False,True,False,False,False,False,True,True
"Asombrosa Vista, mar y Jacuzzi floor 10th",Living Over,101.0,27.0,https://www.airbnb.mx/rooms/878352430199000952?source_impression_id=p3_1748824132_P3OAeETVPWqz5-Uw,878352430199000952,10.4563882,-75.5054112,Entire condo,6.0,4.92,4.85,4.92,4.85,4.8,4.92,4.84,75.0,2.0,2.0,1.0,True,False,True,True,True,True,True,True,True,True,True,True,True,True,True,True,False,True,False,True,True,True,True,True,True,True,True,True,True,True,True,True,True,False,False,True,False,False,False,False,True,True
"Apartment in Cartagena,Private Jacuzzi & Oceanview",Luis,93.0,35.0,https://www.airbnb.mx/rooms/1216205629459955503?_set_bev_on_new_domain=1748814600_EAMmI0NTk3YTlmOT&source_impression_id=p3_1748824204_P31NuYlHq1NMstI2,1216205629459955503,10.4563981,-75.50540629999999,Entire rental unit,5.0,5.0,5.0,5.0,5.0,4.88,5.0,5.0,8.0,2.0,2.0,2.0,False,False,False,True,True,True,True,True,True,True,False,True,True,True,True,True,False,True,False,True,False,True,True,True,True,True,True,False,True,True,False,False,True,False,True,True,False,False,False,True,True,True
Lujoso apartamento con jacuzzi - Dominique,Luis Ctg Rentals,77.0,40.0,https://www.airbnb.mx/rooms/1152493881820384873?source_impression_id=p3_1748824248_P3FY9Eq5y0ujEubb,1152493881820384873,10.45712,-75.50599,Entire rental unit,4.0,4.83,4.86,4.79,4.45,4.79,4.72,4.9,29.0,1.0,1.0,2.0,False,False,False,True,True,True,True,False,True,False,False,True,False,True,False,True,False,True,False,True,False,True,True,True,False,False,True,True,False,False,False,False,False,False,False,False,False,True,True,True,False,True
Apartamento Moderno con Jacuzzi Privado D504,María Camila,99.0,0.0,https://www.airbnb.mx/rooms/1317428120714655677?_set_bev_on_new_domain=1748814600_EAMmI0NTk3YTlmOT&source_impression_id=p3_1748824279_P3983SqVpnEkXXYs,1317428120714655677,10.4563981,-75.50540629999999,Entire rental unit,6.0,5.0,5.0,5.0,5.0,5.0,5.0,5.0,2.0,2.0,2.0,2.0,False,True,False,True,True,True,True,True,True,False,True,True,False,True,False,True,True,True,False,True,False,True,True,True,True,True,True,True,True,True,False,False,True,False,True,False,False,True,True,True,False,True
"Dominque 1005, private jacuzzi",Mauricio,81.0,36.0,https://www.airbnb.mx/rooms/823224593312108874?source_impression_id=p3_1748824319_P34hOO1p5XPYTuFN,823224593312108874,10.45672,-75.50566,Entire rental unit,4.0,4.92,4.83,4.79,4.83,4.75,4.83,4.83,24.0,1.0,1.0,2.0,False,True,False,True,True,True,True,True,True,False,True,True,True,True,True,True,False,True,False,True,True,True,True,True,True,True,True,True,False,True,False,False,False,False,False,False,False,True,True,True,False,False
"Luxurious Apartment, Private Jacuzzi & Sea View",Nela,87.0,35.0,https://www.airbnb.mx/rooms/802873898143599598?_set_bev_on_new_domain=1748814600_EAMmI0NTk3YTlmOT&source_impression_id=p3_1748824461_P3Lvvl6703ZrGqQZ,802873898143599598,10.467637343962542,-75.4992805345078,Entire rental unit,8.0,4.7,4.81,4.67,4.7,4.79,4.67,4.7,43.0,3.0,3.0,2.0,False,True,True,False,True,True,True,False,False,False,True,True,True,True,False,True,False,True,False,True,True,False,True,True,True,True,True,True,False,True,False,False,True,False,False,True,False,False,False,True,True,True
Luxurious Apartment - Private Jacuzzi & Top View,Nela,131.0,40.0,https://www.airbnb.com/rooms/985588880340118836?source_impression_id=p3_1749173286_P3UN2csd_NK8lDmt,985588880340118836,10.45678231692273,-75.50552487373352,Entire rental unit,4.0,4.86,4.81,4.95,4.91,4.84,4.86,4.91,43.0,1.0,1.0,2.0,True,True,True,True,True,True,True,True,True,True,True,True,True,True,False,True,True,True,True,True,False,True,True,True,True,True,True,True,False,True,False,True,True,False,True,False,False,False,False,True,True,True
Luxury 1BR in Brickell | Ocean View Free Parking,Nestor,77.0,46.0,https://www.airbnb.mx/rooms/846281101302571252?_set_bev_on_new_domain=1748814600_EAMmI0NTk3YTlmOT&source_impression_id=p3_1748824613_P3MAlGlFAQPdcc7P,846281101302571252,10.4566932,-75.50548789999999,Entire serviced apartment,4.0,4.5,4.83,5.0,4.67,4.83,4.17,4.5,6.0,1.0,1.0,2.0,True,True,True,True,True,True,True,True,True,True,True,True,True,True,False,True,True,True,True,True,True,True,True,True,True,True,True,True,True,True,False,False,True,False,False,True,False,True,True,True,True,True
Apartment in Cartagena: Relax like Home,Nestor Y Mark,93.6,45.0,https://www.airbnb.mx/rooms/1073830324762676707?_set_bev_on_new_domain=1748814600_EAMmI0NTk3YTlmOT&source_impression_id=p3_1748824733_P3WVSQeYdetOyT7l,1073830324762676707,10.4372,-75.51628,Entire rental unit,5.0,4.75,4.83,4.63,4.79,4.17,4.5,4.54,24.0,2.0,2.0,2.0,False,False,True,False,False,False,False,True,False,False,True,False,True,True,False,True,False,True,False,True,True,True,True,True,True,True,True,False,False,True,False,False,False,False,True,False,False,False,False,False,False,True
Stylish Apartment Steps to Beach - 1108,Oscar,73.0,29.0,https://www.airbnb.mx/rooms/1291369680799235048?_set_bev_on_new_domain=1748814600_EAMmI0NTk3YTlmOT&source_impression_id=p3_1748824771_P3MKO4YKRVqTIbLH,1291369680799235048,10.456398202475274,-75.50540618598461,Entire rental unit,3.0,5.0,5.0,5.0,5.0,5.0,5.0,5.0,1.0,1.0,1.0,2.0,False,False,False,True,True,True,True,False,True,False,False,True,False,True,False,True,False,True,False,True,False,False,False,False,False,False,True,False,True,False,False,False,True,False,False,False,False,True,False,True,False,True
Stylish Apartment Steps to Beach - 1208,Oscar,73.0,29.0,https://www.airbnb.mx/rooms/1291386342035446932?_set_bev_on_new_domain=1748814600_EAMmI0NTk3YTlmOT&source_impression_id=p3_1748824838_P3wW2E5Y09GpwZsg,1291386342035446932,10.4563981,-75.50540629999999,Entire rental unit,4.0,5.0,5.0,5.0,5.0,5.0,5.0,5.0,1.0,1.0,1.0,2.0,False,False,False,False,True,True,True,False,True,False,False,True,False,True,False,True,False,True,False,True,False,False,False,False,False,False,True,False,True,False,False,False,True,False,False,False,False,True,False,True,False,True
Stylish Apartment Steps to Beach - 1002,Oscar,87.38,29.13,https://www.airbnb.mx/rooms/1291348254945757857?_set_bev_on_new_domain=1748814600_EAMmI0NTk3YTlmOT&source_impression_id=p3_1748824877_P3UfB3NgrJs0Q09X,1291348254945757857,10.4563981,-75.50540629999999,Entire rental unit,6.0,5.0,5.0,5.0,5.0,5.0,5.0,5.0,1.0,2.0,2.0,2.0,False,False,False,False,True,True,True,False,True,False,True,True,False,True,False,True,False,True,False,True,False,False,False,False,False,False,True,False,True,False,False,False,True,False,False,False,False,True,False,True,False,True
New Luxury + Private Jacuzzi + Nesspresso + Views,Santiago,91.0,38.0,https://www.airbnb.mx/rooms/1305119491130976920?_set_bev_on_new_domain=1748814600_EAMmI0NTk3YTlmOT&source_impression_id=p3_1748824925_P3DqTRHylCJiMldo,1305119491130976920,10.4563981,-75.50540629999999,Entire condo,4.0,4.93,5.0,4.93,4.97,4.8,4.9,4.87,30.0,1.0,1.0,2.0,True,True,True,True,True,True,True,True,True,False,True,True,True,True,True,True,False,True,True,True,True,True,True,True,True,True,True,True,True,True,False,False,True,False,True,True,False,False,False,True,True,True
Ingenian Rental Marvelous View DQ 1206,Stay Q,101.0,38.0,https://www.airbnb.co.in/rooms/1284922899449149869?source_impression_id=p3_1748824955_P3cWTBTmQMViWrUp,1284922899449149869,10.456323874410549,-75.50507370608214,Entire rental unit,6.0,5.0,4.94,4.94,4.81,4.81,4.88,5.0,16.0,2.0,2.0,2.0,False,True,False,True,True,True,True,True,True,True,True,True,True,True,True,True,False,True,False,True,True,True,True,True,True,True,True,False,True,True,True,True,True,False,False,True,False,False,True,False,True,True
Tropical Luxury Condo Private Jacuzzi WIFI DQ1201,Stay Q,93.0,40.0,https://www.airbnb.mx/rooms/852725916509464739?_set_bev_on_new_domain=1748814600_EAMmI0NTk3YTlmOT&source_impression_id=p3_1748825067_P3zbnzmJ1oQhE1KU,852725916509464739,10.45694,-75.50424,Entire condo,4.0,4.92,4.83,5.0,4.92,5.0,5.0,4.92,12.0,2.0,2.0,2.0,True,True,True,True,True,True,True,True,True,True,True,True,True,True,True,True,False,True,False,True,True,True,True,True,True,True,True,False,True,True,True,True,True,False,True,False,False,False,False,False,True,True
Apartamento jacuzzi privado cerca a playa DQ604,Stay Q,98.0,41.0,https://www.airbnb.mx/rooms/1300846874190721949?_set_bev_on_new_domain=1748814600_EAMmI0NTk3YTlmOT&source_impression_id=p3_1748825104_P37HN8eyiB_985JP,1300846874190721949,10.45755,-75.50565,Entire rental unit,6.0,4.67,5.0,4.67,5.0,4.83,5.0,4.67,6.0,2.0,2.0,2.0,False,False,False,True,True,True,True,False,True,False,True,True,True,True,False,True,False,True,False,True,False,True,True,True,True,False,True,True,False,True,True,False,False,False,False,False,False,True,False,False,True,False
Luxury Brand New Apartment Dominique DQ605,Stay Q,71.0,42.0,https://www.airbnb.mx/rooms/1178368806182581245?source_impression_id=p3_1748825486_P3j_rL94stsbLD1v,1178368806182581245,10.4563981,-75.50540629999999,Entire serviced apartment,2.0,4.5,3.83,4.17,4.33,4.67,4.0,4.33,6.0,1.0,1.0,2.0,True,True,True,True,True,True,True,True,True,False,True,True,True,True,True,True,False,False,False,True,False,False,True,True,False,True,True,False,True,True,False,True,True,False,True,False,False,True,True,True,False,True
OceanView 2BD with private Jacuzzi DQ706,Stay Q,97.0,41.0,https://www.airbnb.mx/rooms/1354503288606231731?_set_bev_on_new_domain=1748814600_EAMmI0NTk3YTlmOT&source_impression_id=p3_1748825779_P3f9XrA6xnb6dlEn,1354503288606231731,10.4563981,-75.50540629999999,Entire rental unit,6.0,5.0,5.0,5.0,5.0,5.0,5.0,5.0,5.0,2.0,2.0,2.0,False,False,False,True,True,True,True,False,False,False,False,True,False,True,True,True,False,True,False,True,True,True,True,True,False,True,True,False,False,True,False,True,True,False,False,False,False,False,False,False,False,False
Luxury Condo Balcony Private Jacuzzi DQ1202,Stay Q,122.0,40.0,https://www.airbnb.mx/rooms/839283791724610443?_set_bev_on_new_domain=1748814600_EAMmI0NTk3YTlmOT&source_impression_id=p3_1748825843_P3dlafwtMzbu2jY8,839283791724610443,10.456450534828534,-75.50539134047547,Entire rental unit,6.0,4.87,4.94,4.87,4.94,4.71,4.9,4.97,31.0,2.0,2.0,2.0,True,True,True,True,True,True,True,True,True,True,True,True,True,True,True,True,False,True,False,True,True,True,True,True,True,True,False,False,True,True,True,True,True,False,True,True,False,False,True,False,True,True
Luxury New Condo with Jacuzzi DQ1104,Stay Q,93.0,40.0,https://www.airbnb.com.mt/rooms/852322227051781578?source_impression_id=p3_1748825880_P3pTdz8G2OdsO1rS,852322227051781578,10.456355119286576,-75.50520078360624,Entire condo,5.0,4.91,4.79,4.85,4.91,4.73,4.91,4.94,33.0,2.0,2.0,2.0,True,True,True,True,True,True,True,True,True,True,True,True,True,True,True,True,False,True,False,True,True,False,True,True,True,True,True,True,True,True,True,True,True,False,True,False,False,False,False,False,True,True
Exclusive Condo Private Jacuzzi Dominique 1408,Stay Q,98.0,40.0,https://www.airbnb.mx/rooms/852836475894493606?_set_bev_on_new_domain=1748814600_EAMmI0NTk3YTlmOT&source_impression_id=p3_1748825923_P3UtuYk1fLXW9zt0,852836475894493606,10.456397781505288,-75.50526259444275,Entire condo,4.0,4.9,4.93,4.87,4.83,4.77,4.87,4.93,70.0,1.0,1.0,2.0,True,True,True,True,True,True,True,True,True,True,True,True,True,True,True,True,False,True,False,True,False,True,True,True,True,True,True,True,True,True,True,True,True,False,True,False,False,False,True,False,True,True
Luxury apartment with jacuzzi Dominique DQ809,Stay Q,73.0,40.0,https://www.airbnb.mx/rooms/852998646126710254?_set_bev_on_new_domain=1748814600_EAMmI0NTk3YTlmOT&source_impression_id=p3_1748825967_P3CvBaYAFY7y7SUh,852998646126710254,10.456403056838012,-75.50527332327881,Entire condo,4.0,4.95,4.84,4.95,4.84,5.0,4.95,4.95,19.0,1.0,1.0,2.0,True,True,True,True,True,True,True,True,True,True,True,True,True,True,True,True,False,True,False,True,True,True,True,True,True,True,True,True,True,True,True,True,True,False,True,False,False,True,True,False,True,True
Luxury Condo Near to the beach DQ510,Stay Q,85.0,44.0,https://www.airbnb.co.nz/rooms/928953902518668812?source_impression_id=p3_1748826023_P31VYqC73Y2-JWhG,928953902518668812,10.45636137249982,-75.50513729227049,Entire condo,5.0,4.84,4.89,4.79,4.84,4.84,4.84,4.95,19.0,2.0,2.0,2.0,True,True,True,True,True,True,True,True,True,True,True,True,True,True,True,True,False,True,False,True,True,True,True,True,True,True,True,True,True,True,True,True,True,False,True,False,False,False,False,False,True,True
Luxury Coastal Tranquility Dominique DQ610,Stay Q,103.0,41.0,https://es-l.airbnb.com/rooms/853430725018525635?source_impression_id=p3_1748826075_P3W_l_OU8peZJNaN,853430725018525635,10.456403056838012,-75.50524650118867,Entire condo,6.0,4.88,4.88,4.79,4.67,4.71,4.63,4.79,24.0,2.0,2.0,2.0,True,True,True,True,True,True,True,True,True,True,True,True,True,True,True,True,False,True,False,True,True,True,True,True,False,True,True,True,True,True,True,True,True,False,True,False,False,True,True,False,True,True
Luxury Condo Private Jacuzzi Dominique DQ911,Stay Q,71.0,41.0,https://www.airbnb.mx/rooms/865741394178687754?_set_bev_on_new_domain=1748814600_EAMmI0NTk3YTlmOT&source_impression_id=p3_1748826105_P3VMLcaWLvObCEGk,865741394178687754,10.456345028173072,-75.50524492513479,Entire condo,4.0,4.92,4.92,4.85,5.0,4.85,4.92,4.92,13.0,1.0,1.0,2.0,True,True,True,True,True,True,True,True,True,True,True,True,True,True,True,True,False,True,False,True,True,True,True,True,True,True,True,False,True,True,True,False,True,False,True,False,False,True,True,True,True,True
Luxury Apartment with Private Jacuzzi DQ410,Stay Q,85.0,41.0,https://www.airbnb.mx/rooms/1065446126459762366?source_impression_id=p3_1748826154_P3FYHnoXxRcIU_km,1065446126459762366,10.456367098667547,-75.50556140370485,Entire rental unit,4.0,4.96,4.8,4.88,4.88,4.88,4.92,4.88,25.0,2.0,2.0,2.0,True,False,True,True,True,True,True,True,True,True,True,True,True,True,True,True,False,True,False,True,True,True,True,True,True,True,True,True,True,True,True,True,True,False,False,False,False,True,False,True,True,True
Luxury apartment Private Jacuzzi Dominique 1407,Stay Q,76.0,41.0,https://www.airbnb.mx/rooms/865494322261178427?_set_bev_on_new_domain=1748814600_EAMmI0NTk3YTlmOT&source_impression_id=p3_1748826185_P3rxqnVKohwAboeN,865494322261178427,10.45699,-75.50488,Entire rental unit,4.0,4.5,4.5,4.64,4.79,4.64,4.5,4.71,14.0,1.0,1.0,2.0,True,True,True,True,True,True,True,True,True,True,True,True,True,True,True,True,False,True,False,True,False,True,True,True,True,True,True,False,True,True,True,True,True,False,False,False,False,False,False,False,True,True
Luxurious 2 BR w stun view ideal 4 Families DQ1109,Stay Q,110.0,41.0,https://www.airbnb.co.in/rooms/852722227526718255?source_impression_id=p3_1749172297_P3cHgO03k9u5qKG6,852722227526718255,10.456429433500304,-75.50525723002472,Entire condo,4.0,4.92,4.92,5.0,4.85,4.92,4.81,4.88,26.0,1.0,1.0,2.0,True,True,True,True,True,True,True,True,True,True,True,True,True,True,True,False,False,True,False,True,True,True,True,True,True,True,True,True,True,True,True,True,True,False,True,False,False,False,True,False,True,True
"Luxury, Private Jacuzzi Close to the beach DQ804",Stay Q,83.0,40.0,https://www.airbnb.com.hn/rooms/852423984035352397?source_impression_id=p3_1748826412_P376aGFt8Q9Nbar_,852423984035352397,10.456413607503196,-75.50531623862305,Entire condo,4.0,4.93,5.0,4.73,4.73,4.8,4.73,4.87,15.0,2.0,2.0,2.0,True,True,True,True,True,True,True,True,True,True,True,True,True,True,False,True,False,True,False,True,True,True,True,True,True,True,True,True,True,True,True,True,True,False,True,False,False,True,True,False,True,True
Luxury & Cozy With Jacuzzi DQ1006,Stay Q,93.0,40.0,https://www.airbnb.com/rooms/852707152905312617?source_impression_id=p3_1749172346_P33T0zGuCLqxuYb4,852707152905312617,10.45644525949661,-75.5052357723526,Entire rental unit,6.0,4.92,4.83,4.96,4.75,4.7,4.79,4.88,24.0,2.0,2.0,2.0,True,True,True,False,True,True,True,False,True,False,True,True,True,True,True,True,True,True,False,True,True,False,True,False,True,True,True,True,False,True,True,True,True,False,False,False,False,False,False,False,True,True
Tropical Luxury Condo Private Jacuzzi DQ1302,Stay Q,93.0,42.0,https://www.airbnb.mx/rooms/852764754959774056?_set_bev_on_new_domain=1748814600_EAMmI0NTk3YTlmOT&source_impression_id=p3_1748826690_P3WO_22YHE_vtVmz,852764754959774056,10.456418882835653,-75.50526259444275,Entire condo,6.0,4.89,4.91,4.85,4.81,4.77,4.81,4.85,47.0,2.0,2.0,2.0,True,True,True,True,True,True,True,True,True,True,True,True,True,True,True,True,False,True,False,True,True,True,True,True,True,True,True,False,True,True,True,True,True,False,True,False,False,False,False,False,True,True
Luxury Apartment DQ 908 | Rooftop Pool Stunning Vw,Stay Q,78.0,40.0,https://www.airbnb.mx/rooms/865501138503964861?_set_bev_on_new_domain=1748814600_EAMmI0NTk3YTlmOT&source_impression_id=p3_1748826720_P372sIEAdnulFTxl,865501138503964861,10.45611,-75.50469,Entire serviced apartment,4.0,4.96,4.96,4.83,4.96,4.78,4.91,4.87,23.0,1.0,1.0,2.0,True,True,True,True,True,True,True,True,True,True,True,True,True,True,True,True,False,True,False,True,False,True,True,True,True,True,True,False,True,True,True,True,True,False,True,False,False,True,False,True,True,True
Luxury Place Private Jacuzzi Dominique DQ1309,Stay Q,71.0,40.0,https://www.airbnb.mx/rooms/865484469517762048?source_impression_id=p3_1748826772_P3cZGUK3Yqn5WhKx,865484469517762048,10.45558,-75.50469,Entire condo,4.0,4.84,4.96,4.87,4.71,4.71,4.8,4.84,45.0,1.0,1.0,2.0,True,True,True,True,True,True,True,True,True,True,True,True,True,True,True,True,False,True,False,True,True,True,True,True,True,True,True,False,True,True,True,True,True,False,True,False,False,False,True,False,True,True
Luxury Condo Private Jacuzzi Dominique DQ805,Stay Q,115.0,41.0,https://www.airbnb.mx/rooms/852989152866665235?_set_bev_on_new_domain=1748814600_EAMmI0NTk3YTlmOT&source_impression_id=p3_1748826797_P3NhaF7McehXxY-W,852989152866665235,10.456387230839557,-75.50524650118867,Entire condo,4.0,4.9,4.88,4.76,4.78,4.64,4.79,4.81,58.0,1.0,1.0,2.0,True,True,True,True,True,True,True,True,True,True,True,True,True,True,True,True,False,True,False,True,True,True,True,True,True,True,True,True,True,True,True,True,True,False,True,False,False,True,True,False,True,True
Luxury Condo with Private Jacuzzi DQ802,Stay Q,105.0,40.0,https://www.airbnb.mx/rooms/852958133808719190?_set_bev_on_new_domain=1748814600_EAMmI0NTk3YTlmOT&source_impression_id=p3_1748826823_P3aN6jeqwVu314ML,852958133808719190,10.456400798007836,-75.50524573072137,Entire condo,6.0,4.77,4.8,4.64,4.82,4.66,4.77,4.75,56.0,2.0,2.0,2.0,True,True,True,True,True,True,True,True,True,True,True,True,True,True,True,True,False,True,False,True,True,True,True,True,True,True,True,True,True,True,True,True,True,False,True,False,False,False,False,False,True,True
Luxury Lovely Condo Dominique By Stay Q DQ1303,Stay Q,77.0,44.0,https://www.airbnb.mx/rooms/958267722202025656?source_impression_id=p3_1748826921_P3o0memXjwk3MyF-,958267722202025656,10.45633380743915,-75.50510549908205,Entire condo,6.0,4.75,4.95,4.85,4.8,4.7,4.7,4.8,20.0,2.0,2.0,2.0,True,True,True,True,True,True,True,True,True,True,True,True,True,True,True,True,False,True,False,True,True,True,True,True,True,True,True,True,False,True,True,True,True,False,True,False,False,False,False,False,True,True
Luxury Condo Private Jacuzzi Pools & Views DQ1402,Stay Q,105.0,40.0,https://www.airbnb.mx/rooms/878789244081373209?_set_bev_on_new_domain=1748814600_EAMmI0NTk3YTlmOT&source_impression_id=p3_1748826998_P3LMvbHQEGHMj9P4,878789244081373209,10.456416733658637,-75.50515976222948,Entire condo,6.0,4.75,4.6,4.85,4.63,4.69,4.77,4.73,48.0,2.0,2.0,2.0,True,True,True,True,True,True,True,True,True,True,True,True,True,True,True,True,False,True,False,True,False,True,True,True,True,True,True,True,True,True,True,True,True,False,True,True,False,True,False,False,True,True
Luxury Charming Private Jacuzzi Dominique DQ511,Stay Q,104.0,41.0,https://www.airbnb.com.ro/rooms/852846097719499069?source_impression_id=p3_1748827026_P3__ZBAND2svNuN6,852846097719499069,10.456424158168025,-75.50526259444275,Entire condo,4.0,5.0,5.0,4.77,4.77,4.77,4.92,4.77,13.0,1.0,1.0,2.0,True,True,True,True,True,True,True,True,True,True,True,True,True,True,True,True,False,True,False,True,True,True,True,True,True,True,True,True,True,True,True,True,True,False,True,True,False,True,True,True,True,True
Apartment with private jacuzzi Dominique DQ710,Stay Q,109.0,41.0,https://www.airbnb.mx/rooms/852947489018010555?_set_bev_on_new_domain=1748814600_EAMmI0NTk3YTlmOT&source_impression_id=p3_1748827102_P3J1b8R5bNBKObJK,852947489018010555,10.456408332170648,-75.50525723002472,Entire condo,6.0,4.82,4.84,4.85,4.8,4.64,4.75,4.69,55.0,2.0,2.0,2.0,True,True,True,True,True,True,True,True,True,True,True,True,True,True,True,True,False,False,False,True,True,True,True,True,True,False,True,False,True,True,True,True,True,False,True,False,False,False,False,False,True,True
Premium 3 BRs w HotTub perfor Families,Stay Q,190.0,40.0,https://www.airbnb.co.in/rooms/865417719613815681?source_impression_id=p3_1748827150_P3chLqAF1oDWmKso,865417719613815681,10.456366129507026,-75.50524113677064,Entire condo,8.0,4.67,4.73,4.93,4.67,4.67,4.6,4.73,15.0,3.0,3.0,3.0,True,True,True,True,True,True,True,True,True,True,True,True,True,True,True,True,False,True,False,True,True,True,True,True,True,True,True,True,True,True,True,True,True,False,True,False,False,True,True,False,True,True
Fantastic Condo Private Jacuzzi Dominique DQ1307,Stay Q,71.0,41.0,https://www.airbnb.mx/rooms/865433093370851067?_set_bev_on_new_domain=1748814600_EAMmI0NTk3YTlmOT&source_impression_id=p3_1748827193_P36hSzXdDkMFbQQL,865433093370851067,10.45637668017347,-75.50523040793458,Entire condo,4.0,4.7,4.63,4.77,4.7,4.7,4.7,4.7,30.0,1.0,1.0,1.0,True,True,True,True,True,True,True,True,True,True,True,True,True,True,True,False,False,True,False,True,True,True,True,True,True,True,True,True,True,True,True,True,True,False,True,False,False,False,True,False,True,True
Luxury Experience Private Jacuzzi Dominique DQ909,Stay Q,71.0,41.0,https://www.airbnb.mx/rooms/865505131391284959?source_impression_id=p3_1748827783_P3PaQ2xdaJoBUXv1,865505131391284959,10.456334477505548,-75.50520358584443,Entire condo,4.0,4.9,4.5,4.8,4.5,4.6,4.8,4.7,10.0,1.0,1.0,2.0,True,True,True,True,True,True,True,True,True,True,True,True,True,True,True,True,False,True,False,True,False,True,True,True,True,True,True,True,True,True,True,True,True,False,False,False,False,False,False,False,True,True
"Luxury Condo Private jacuzzi, Chic Dominique 402",Stay Q,116.0,40.0,https://www.airbnb.mx/rooms/929051174009268462?source_impression_id=p3_1748827841_P3Es5kkLtAyVif_X,929051174009268462,10.456378324361886,-75.50522610194187,Entire rental unit,6.0,4.68,4.74,4.68,4.58,4.84,4.79,4.63,19.0,2.0,2.0,2.0,True,True,True,True,True,True,True,True,True,True,True,True,True,True,True,True,False,True,False,True,True,True,True,True,True,True,True,False,True,True,True,True,True,False,True,False,False,False,False,False,True,True
Confortable Apartment / Private Jacuzzi DQ 411,Stay Q,91.0,40.0,https://www.airbnb.mx/rooms/1229800644222284211?source_impression_id=p3_1749173406_P3nz6vRvx_K54l-L,1229800644222284211,10.4568198,-75.5055963,Entire rental unit,4.0,4.88,4.94,4.69,4.94,4.56,4.81,4.88,16.0,1.0,1.0,2.0,False,False,False,True,True,True,True,True,True,True,True,True,False,True,False,True,False,True,False,True,True,False,True,True,True,True,True,True,False,False,False,True,False,False,False,False,False,False,True,False,False,True
Luxury Condo & private jacuzzi Dominique DQ810,Stay Q,93.0,41.0,https://www.airbnb.mx/rooms/865497675793371668?source_impression_id=p3_1748828080_P39xBummYtyc02Dw,865497675793371668,10.45635557884023,-75.5052357723526,Entire condo,6.0,4.71,4.76,4.47,4.82,4.29,4.47,4.65,17.0,2.0,2.0,2.0,True,True,True,True,True,True,True,True,True,True,True,True,True,True,True,True,False,True,False,True,True,True,True,True,True,True,True,True,True,True,True,True,True,False,True,False,False,False,False,False,True,True
Luxury apartment private jacuzzi Dominique DQ1305,Stay Q,76.0,40.0,https://www.airbnb.mx/rooms/852769563272239362?source_impression_id=p3_1748828136_P3xH3ff7UgDoD3vZ,852769563272239362,10.456434708832496,-75.505305509787,Entire condo,4.0,5.0,4.83,5.0,4.5,5.0,4.67,4.5,6.0,1.0,1.0,2.0,True,True,False,True,True,True,True,False,False,True,True,True,True,True,True,True,False,True,False,True,True,True,True,False,True,True,True,False,True,True,False,True,True,False,False,True,False,True,True,True,True,True
DQ505 Nuevo hermoso jacuzzi priv,Ximena,68.0,39.0,https://www.airbnb.com.ar/rooms/856430871775844191?source_impression_id=p3_1748828237_P3hg99iUg87G-eY0,856430871775844191,10.45762,-75.5046,Entire rental unit,4.0,4.87,4.85,4.86,4.85,4.82,4.83,4.87,71.0,1.0,1.0,2.0,True,False,False,True,True,True,True,False,False,False,True,True,True,True,False,True,False,True,False,True,False,False,True,True,True,True,True,True,False,True,False,False,True,False,False,False,False,True,True,False,True,True
DQ1411 Nvo Amazing view Relaxation,Ximena,88.0,39.0,https://es-l.airbnb.com/rooms/890771974735264612?source_impression_id=p3_1748828274_P3bj96rp6JSXo2Fn,890771974735264612,10.45615,-75.50486,Entire rental unit,4.0,4.78,4.86,4.88,4.86,4.75,4.78,4.75,77.0,1.0,1.0,2.0,False,False,False,True,True,True,True,False,False,False,True,True,True,True,False,True,False,True,False,True,False,True,True,True,True,True,True,True,False,True,False,False,True,False,False,False,False,True,True,False,True,True
DQ1102 Beautiful Apt Jacuzzi-priv 10min-Centro,Ximena,96.0,38.0,https://www.airbnb.mx/rooms/897405006229683800?_set_bev_on_new_domain=1748814600_EAMmI0NTk3YTlmOT&source_impression_id=p3_1748828305_P3syd1eOlHGLjrEJ,897405006229683800,10.45563,-75.50519,Entire rental unit,6.0,4.87,4.78,4.79,4.81,4.7,4.81,4.81,69.0,2.0,2.0,2.0,False,True,False,True,True,True,True,False,True,False,True,True,True,True,False,True,False,True,False,True,True,True,True,True,True,True,True,True,False,True,False,False,True,False,False,False,False,False,True,False,True,True
DQ1301 Espectacular jacuzzi único vista relax,Ximena,100.0,38.0,https://www.airbnb.mx/rooms/943495681388968810?source_impression_id=p3_1749171780_P3X8XVi3vnKqX30a,943495681388968810,10.45648218681818,-75.5054879,Entire rental unit,6.0,4.74,4.68,4.74,4.68,4.71,4.63,4.68,38.0,2.0,2.0,2.0,False,True,False,True,True,True,True,False,False,False,True,True,True,True,False,True,False,True,False,True,False,False,True,True,False,True,True,True,False,True,False,False,True,False,False,False,False,True,False,False,True,True
Luxury Cartagena dominique 1210,Zenya Host,108.0,36.0,https://www.airbnb.mx/rooms/982475106451734664?source_impression_id=p3_1748828466_P3wzAM6xsEgyq8T3,982475106451734664,10.4563882,-75.5054112,Entire rental unit,6.0,4.94,4.94,4.9,5.0,4.87,4.85,4.94,52.0,2.0,2.0,2.0,False,True,True,True,True,True,True,True,True,True,True,True,True,True,True,True,False,True,False,True,False,True,True,True,True,True,True,True,False,True,False,False,True,False,False,False,False,False,False,True,True,True
Luxury Cartagena dominique 1209,Zenya Host,96.0,36.41,https://www.airbnb.mx/rooms/982475113924685879?source_impression_id=p3_1748828507_P3LItStxDPQyLMba,982475113924685879,10.4563882,-75.5054112,Entire rental unit,4.0,4.92,4.94,4.91,4.97,4.68,4.86,4.95,65.0,1.0,1.0,2.0,True,False,True,True,True,True,True,False,True,False,True,True,True,True,True,True,True,True,False,True,False,False,True,True,False,True,True,True,False,True,False,False,True,False,False,False,False,False,False,True,False,True
Luxury cartagena dominique 705,Zenya Host,89.32,36.32,https://www.airbnb.mx/rooms/1061083288618779943?source_impression_id=p3_1748828542_P3kTj3wubOYU0tdb,1061083288618779943,10.45642,-75.50539,Entire rental unit,4.0,5.0,4.9,4.98,4.93,4.71,4.9,4.95,41.0,1.0,1.0,2.0,False,False,False,True,True,True,True,True,True,False,True,True,True,True,True,True,True,True,False,True,False,True,True,True,True,True,True,True,False,True,False,False,True,False,False,True,False,True,False,True,True,True
Luxury Cartagena Dominique 1004,Zenya Host,116.42,36.35,https://www.airbnb.mx/rooms/1131261936147332933?source_impression_id=p3_1748828569_P3V3KCcr4PVgKmyK,1131261936147332933,10.4563882,-75.5054112,Entire rental unit,6.0,4.97,4.97,4.86,4.92,4.78,4.86,4.94,36.0,2.0,2.0,2.0,False,False,False,True,True,True,True,False,False,False,False,True,True,True,True,True,False,True,False,True,False,False,False,False,False,False,True,False,False,True,False,False,True,False,False,False,False,True,True,True,False,True
luxury Cartagena Dominique 807,Zenya Host,97.0,36.0,https://www.airbnb.mx/rooms/1061118933427624758?_set_bev_on_new_domain=1748814600_EAMmI0NTk3YTlmOT&source_impression_id=p3_1748828609_P3RTDo1-pvcaa7n-,1061118933427624758,10.4563882,-75.5054112,Entire rental unit,4.0,4.95,4.84,4.95,4.89,4.79,4.89,4.95,20.0,1.0,1.0,2.0,False,False,False,True,True,True,True,False,True,False,True,True,True,True,True,True,False,True,False,True,False,False,False,True,True,True,True,True,False,True,False,False,True,False,False,False,False,True,False,True,False,True
Ocean Breeze Luxury » 2BRs Cartagena | Stun Views,Stay Q,74.0,37.0,https://www.airbnb.co.nz/rooms/1374717540319611164?source_impression_id=p3_1748828655_P3ova70LDCoJAyxp,1374717540319611164,10.456817818304057,-75.50556723254088,Entire rental unit,4.0,5.0,5.0,5.0,5.0,5.0,5.0,5.0,4.0,2.0,2.0,2.0,False,False,False,True,True,True,True,False,False,False,False,True,False,True,False,True,False,True,False,True,False,True,True,True,False,True,True,False,True,True,False,True,True,False,False,False,False,False,False,False,False,False
